-- phpMyAdmin SQL Dump
-- version 5.2.1
-- https://www.phpmyadmin.net/
--
-- Host: 127.0.0.1
-- Generation Time: Oct 31, 2025 at 08:47 AM
-- Server version: 10.4.32-MariaDB
-- PHP Version: 8.2.12

SET SQL_MODE = "NO_AUTO_VALUE_ON_ZERO";
START TRANSACTION;
SET time_zone = "+00:00";


/*!40101 SET @OLD_CHARACTER_SET_CLIENT=@@CHARACTER_SET_CLIENT */;
/*!40101 SET @OLD_CHARACTER_SET_RESULTS=@@CHARACTER_SET_RESULTS */;
/*!40101 SET @OLD_COLLATION_CONNECTION=@@COLLATION_CONNECTION */;
/*!40101 SET NAMES utf8mb4 */;

--
-- Database: `tmms`
--

-- --------------------------------------------------------

--
-- Table structure for table `failed_jobs`
--

CREATE TABLE `failed_jobs` (
  `id` bigint(20) UNSIGNED NOT NULL,
  `uuid` varchar(255) NOT NULL,
  `connection` text NOT NULL,
  `queue` text NOT NULL,
  `payload` longtext NOT NULL,
  `exception` longtext NOT NULL,
  `failed_at` timestamp NOT NULL DEFAULT current_timestamp()
) ENGINE=InnoDB DEFAULT CHARSET=utf8mb4 COLLATE=utf8mb4_unicode_ci;

-- --------------------------------------------------------

--
-- Table structure for table `karyawans`
--

CREATE TABLE `karyawans` (
  `id` bigint(20) UNSIGNED NOT NULL,
  `kode` varchar(30) NOT NULL,
  `nama` varchar(120) NOT NULL,
  `jabatan` enum('Operator','Mekanik','HSSE') NOT NULL,
  `tgl_masuk` date DEFAULT NULL,
  `status` enum('aktif','nonaktif') NOT NULL DEFAULT 'aktif',
  `created_at` timestamp NULL DEFAULT NULL,
  `updated_at` timestamp NULL DEFAULT NULL
) ENGINE=InnoDB DEFAULT CHARSET=utf8mb4 COLLATE=utf8mb4_unicode_ci;

--
-- Dumping data for table `karyawans`
--

INSERT INTO `karyawans` (`id`, `kode`, `nama`, `jabatan`, `tgl_masuk`, `status`, `created_at`, `updated_at`) VALUES
(36, 'OP-001', 'Operator 1', 'Operator', '2025-01-01', 'aktif', '2025-10-13 19:15:39', '2025-10-13 19:15:39'),
(37, 'OP-002', 'Operator 2', 'Operator', '2025-01-02', 'aktif', '2025-10-13 19:15:39', '2025-10-13 19:15:39'),
(38, 'OP-003', 'Operator 3', 'Operator', '2025-01-03', 'aktif', '2025-10-13 19:15:39', '2025-10-13 19:15:39'),
(39, 'OP-004', 'Operator 4', 'Operator', '2025-01-04', 'aktif', '2025-10-13 19:15:39', '2025-10-13 19:15:39'),
(40, 'OP-005', 'Operator 5', 'Operator', '2025-01-05', 'aktif', '2025-10-13 19:15:39', '2025-10-13 19:15:39'),
(41, 'OP-006', 'Operator 6', 'Operator', '2025-01-06', 'aktif', '2025-10-13 19:15:39', '2025-10-13 19:15:39'),
(42, 'OP-007', 'Operator 7', 'Operator', '2025-01-07', 'aktif', '2025-10-13 19:15:39', '2025-10-13 19:15:39'),
(43, 'OP-008', 'Operator 8', 'Operator', '2025-01-08', 'aktif', '2025-10-13 19:15:39', '2025-10-13 19:15:39'),
(44, 'OP-009', 'Operator 9', 'Operator', '2025-01-09', 'aktif', '2025-10-13 19:15:39', '2025-10-13 19:15:39'),
(45, 'OP-010', 'Operator 10', 'Operator', '2025-01-10', 'aktif', '2025-10-13 19:15:39', '2025-10-13 19:15:39'),
(51, 'MK-001', 'Mekanik 1', 'Mekanik', '2025-01-11', 'aktif', '2025-10-13 19:29:24', '2025-10-13 19:29:24'),
(52, 'MK-002', 'Mekanik 2', 'Mekanik', '2025-01-12', 'aktif', '2025-10-13 19:29:24', '2025-10-13 19:29:24'),
(53, 'MK-003', 'Mekanik 3', 'Mekanik', '2025-01-13', 'aktif', '2025-10-13 19:29:24', '2025-10-13 19:29:24'),
(54, 'MK-004', 'Mekanik 4', 'Mekanik', '2025-01-14', 'aktif', '2025-10-13 19:29:24', '2025-10-13 19:29:24'),
(55, 'MK-005', 'Mekanik 5', 'Mekanik', '2025-01-15', 'aktif', '2025-10-13 19:29:24', '2025-10-13 19:29:24'),
(56, 'HS-001', 'HSSE 1', 'HSSE', '2025-01-16', 'aktif', '2025-10-29 03:02:18', '2025-10-29 04:32:07'),
(57, 'HS-002', 'HSSE 2', 'HSSE', '2025-01-17', 'aktif', '2025-10-29 03:02:18', '2025-10-29 04:32:07'),
(58, 'HS-003', 'HSSE 3', 'HSSE', '2025-01-18', 'aktif', '2025-10-29 03:02:18', '2025-10-29 04:32:07'),
(59, 'HS-004', 'HSSE 4', 'HSSE', '2025-01-19', 'aktif', '2025-10-29 03:02:18', '2025-10-29 04:32:07'),
(60, 'HS-005', 'HSSE 5', 'HSSE', '2025-01-20', 'aktif', '2025-10-29 03:02:18', '2025-10-29 04:32:07');

-- --------------------------------------------------------

--
-- Table structure for table `kpi_nilais`
--

CREATE TABLE `kpi_nilais` (
  `id` bigint(20) UNSIGNED NOT NULL,
  `karyawan_id` bigint(20) UNSIGNED NOT NULL,
  `sub_kriteria_id` bigint(20) UNSIGNED NOT NULL,
  `tahun` smallint(5) UNSIGNED NOT NULL,
  `bulan` tinyint(3) UNSIGNED NOT NULL,
  `nilai` decimal(5,4) DEFAULT NULL,
  `created_at` timestamp NULL DEFAULT NULL,
  `updated_at` timestamp NULL DEFAULT NULL
) ENGINE=InnoDB DEFAULT CHARSET=utf8mb4 COLLATE=utf8mb4_unicode_ci;

--
-- Dumping data for table `kpi_nilais`
--

INSERT INTO `kpi_nilais` (`id`, `karyawan_id`, `sub_kriteria_id`, `tahun`, `bulan`, `nilai`, `created_at`, `updated_at`) VALUES
(4945, 36, 29, 2025, 1, 0.9000, '2025-10-29 04:10:15', '2025-10-29 04:32:08'),
(4946, 36, 29, 2025, 2, 0.8600, '2025-10-29 04:10:15', '2025-10-29 04:32:08'),
(4947, 36, 29, 2025, 3, 0.9200, '2025-10-29 04:10:15', '2025-10-29 04:32:08'),
(4948, 36, 29, 2025, 4, 1.0000, '2025-10-29 04:10:15', '2025-10-29 04:32:08'),
(4949, 36, 29, 2025, 5, 0.9800, '2025-10-29 04:10:15', '2025-10-29 04:32:08'),
(4950, 36, 29, 2025, 6, 1.0000, '2025-10-29 04:10:15', '2025-10-29 04:32:08'),
(4951, 36, 29, 2025, 7, 0.7600, '2025-10-29 04:10:15', '2025-10-29 04:32:08'),
(4952, 36, 29, 2025, 8, 0.8800, '2025-10-29 04:10:15', '2025-10-29 04:32:08'),
(4953, 36, 29, 2025, 9, 1.0000, '2025-10-29 04:10:15', '2025-10-29 04:32:08'),
(4954, 36, 29, 2025, 10, 0.8900, '2025-10-29 04:10:15', '2025-10-29 04:32:08'),
(4955, 36, 29, 2025, 11, 1.0000, '2025-10-29 04:10:15', '2025-10-29 04:32:08'),
(4956, 36, 29, 2025, 12, 0.9200, '2025-10-29 04:10:15', '2025-10-29 04:32:08'),
(4957, 36, 30, 2025, 1, 0.9500, '2025-10-29 04:10:15', '2025-10-29 04:32:08'),
(4958, 36, 30, 2025, 2, 1.0000, '2025-10-29 04:10:15', '2025-10-29 04:32:08'),
(4959, 36, 30, 2025, 3, 0.9500, '2025-10-29 04:10:15', '2025-10-29 04:32:08'),
(4960, 36, 30, 2025, 4, 1.0000, '2025-10-29 04:10:15', '2025-10-29 04:32:08'),
(4961, 36, 30, 2025, 5, 1.0000, '2025-10-29 04:10:15', '2025-10-29 04:32:08'),
(4962, 36, 30, 2025, 6, 0.8700, '2025-10-29 04:10:15', '2025-10-29 04:32:08'),
(4963, 36, 30, 2025, 7, 1.0000, '2025-10-29 04:10:15', '2025-10-29 04:32:08'),
(4964, 36, 30, 2025, 8, 1.0000, '2025-10-29 04:10:15', '2025-10-29 04:32:08'),
(4965, 36, 30, 2025, 9, 0.9000, '2025-10-29 04:10:15', '2025-10-29 04:32:08'),
(4966, 36, 30, 2025, 10, 1.0000, '2025-10-29 04:10:15', '2025-10-29 04:32:08'),
(4967, 36, 30, 2025, 11, 0.9100, '2025-10-29 04:10:15', '2025-10-29 04:32:08'),
(4968, 36, 30, 2025, 12, 0.9300, '2025-10-29 04:10:15', '2025-10-29 04:32:08'),
(4969, 36, 31, 2025, 1, 0.9000, '2025-10-29 04:10:15', '2025-10-29 04:32:08'),
(4970, 36, 31, 2025, 2, 1.0000, '2025-10-29 04:10:15', '2025-10-29 04:32:08'),
(4971, 36, 31, 2025, 3, 1.0000, '2025-10-29 04:10:15', '2025-10-29 04:32:08'),
(4972, 36, 31, 2025, 4, 1.0000, '2025-10-29 04:10:15', '2025-10-29 04:32:08'),
(4973, 36, 31, 2025, 5, 1.0000, '2025-10-29 04:10:15', '2025-10-29 04:32:08'),
(4974, 36, 31, 2025, 6, 0.8000, '2025-10-29 04:10:15', '2025-10-29 04:32:08'),
(4975, 36, 31, 2025, 7, 1.0000, '2025-10-29 04:10:15', '2025-10-29 04:32:08'),
(4976, 36, 31, 2025, 8, 0.8700, '2025-10-29 04:10:15', '2025-10-29 04:32:08'),
(4977, 36, 31, 2025, 9, 1.0000, '2025-10-29 04:10:15', '2025-10-29 04:32:08'),
(4978, 36, 31, 2025, 10, 0.9700, '2025-10-29 04:10:15', '2025-10-29 04:32:08'),
(4979, 36, 31, 2025, 11, 1.0000, '2025-10-29 04:10:15', '2025-10-29 04:32:08'),
(4980, 36, 31, 2025, 12, 1.0000, '2025-10-29 04:10:15', '2025-10-29 04:32:08'),
(4981, 36, 32, 2025, 1, 1.0000, '2025-10-29 04:10:15', '2025-10-29 04:32:08'),
(4982, 36, 32, 2025, 2, 1.0000, '2025-10-29 04:10:15', '2025-10-29 04:32:08'),
(4983, 36, 32, 2025, 3, 0.9800, '2025-10-29 04:10:15', '2025-10-29 04:32:08'),
(4984, 36, 32, 2025, 4, 0.9000, '2025-10-29 04:10:15', '2025-10-29 04:32:08'),
(4985, 36, 32, 2025, 5, 1.0000, '2025-10-29 04:10:15', '2025-10-29 04:32:08'),
(4986, 36, 32, 2025, 6, 1.0000, '2025-10-29 04:10:15', '2025-10-29 04:32:08'),
(4987, 36, 32, 2025, 7, 0.8800, '2025-10-29 04:10:15', '2025-10-29 04:32:08'),
(4988, 36, 32, 2025, 8, 1.0000, '2025-10-29 04:10:15', '2025-10-29 04:32:08'),
(4989, 36, 32, 2025, 9, 1.0000, '2025-10-29 04:10:15', '2025-10-29 04:32:08'),
(4990, 36, 32, 2025, 10, 1.0000, '2025-10-29 04:10:15', '2025-10-29 04:32:08'),
(4991, 36, 32, 2025, 11, 0.9700, '2025-10-29 04:10:15', '2025-10-29 04:32:08'),
(4992, 36, 32, 2025, 12, 0.9300, '2025-10-29 04:10:15', '2025-10-29 04:32:08'),
(4993, 36, 33, 2025, 1, 1.0000, '2025-10-29 04:10:15', '2025-10-29 04:32:08'),
(4994, 36, 33, 2025, 2, 1.0000, '2025-10-29 04:10:15', '2025-10-29 04:32:08'),
(4995, 36, 33, 2025, 3, 1.0000, '2025-10-29 04:10:15', '2025-10-29 04:32:08'),
(4996, 36, 33, 2025, 4, 1.0000, '2025-10-29 04:10:15', '2025-10-29 04:32:08'),
(4997, 36, 33, 2025, 5, 1.0000, '2025-10-29 04:10:15', '2025-10-29 04:32:08'),
(4998, 36, 33, 2025, 6, 1.0000, '2025-10-29 04:10:15', '2025-10-29 04:32:08'),
(4999, 36, 33, 2025, 7, 1.0000, '2025-10-29 04:10:15', '2025-10-29 04:32:08'),
(5000, 36, 33, 2025, 8, 1.0000, '2025-10-29 04:10:15', '2025-10-29 04:32:08'),
(5001, 36, 33, 2025, 9, 1.0000, '2025-10-29 04:10:15', '2025-10-29 04:32:08'),
(5002, 36, 33, 2025, 10, 1.0000, '2025-10-29 04:10:15', '2025-10-29 04:32:08'),
(5003, 36, 33, 2025, 11, 1.0000, '2025-10-29 04:10:15', '2025-10-29 04:32:08'),
(5004, 36, 33, 2025, 12, 1.0000, '2025-10-29 04:10:15', '2025-10-29 04:32:08'),
(5005, 36, 34, 2025, 1, 1.0000, '2025-10-29 04:10:15', '2025-10-29 04:32:08'),
(5006, 36, 34, 2025, 2, 1.0000, '2025-10-29 04:10:15', '2025-10-29 04:32:08'),
(5007, 36, 34, 2025, 3, 0.9500, '2025-10-29 04:10:15', '2025-10-29 04:32:08'),
(5008, 36, 34, 2025, 4, 0.8000, '2025-10-29 04:10:15', '2025-10-29 04:32:08'),
(5009, 36, 34, 2025, 5, 1.0000, '2025-10-29 04:10:15', '2025-10-29 04:32:08'),
(5010, 36, 34, 2025, 6, 1.0000, '2025-10-29 04:10:15', '2025-10-29 04:32:08'),
(5011, 36, 34, 2025, 7, 1.0000, '2025-10-29 04:10:15', '2025-10-29 04:32:08'),
(5012, 36, 34, 2025, 8, 0.7500, '2025-10-29 04:10:15', '2025-10-29 04:32:08'),
(5013, 36, 34, 2025, 9, 1.0000, '2025-10-29 04:10:15', '2025-10-29 04:32:08'),
(5014, 36, 34, 2025, 10, 1.0000, '2025-10-29 04:10:15', '2025-10-29 04:32:08'),
(5015, 36, 34, 2025, 11, 1.0000, '2025-10-29 04:10:15', '2025-10-29 04:32:08'),
(5016, 36, 34, 2025, 12, 1.0000, '2025-10-29 04:10:15', '2025-10-29 04:32:08'),
(5017, 36, 35, 2025, 1, 0.8000, '2025-10-29 04:10:15', '2025-10-29 04:32:08'),
(5018, 36, 35, 2025, 2, 0.9000, '2025-10-29 04:10:15', '2025-10-29 04:32:08'),
(5019, 36, 35, 2025, 3, 0.7500, '2025-10-29 04:10:15', '2025-10-29 04:32:08'),
(5020, 36, 35, 2025, 4, 0.9500, '2025-10-29 04:10:15', '2025-10-29 04:32:08'),
(5021, 36, 35, 2025, 5, 0.9500, '2025-10-29 04:10:15', '2025-10-29 04:32:08'),
(5022, 36, 35, 2025, 6, 1.0000, '2025-10-29 04:10:15', '2025-10-29 04:32:08'),
(5023, 36, 35, 2025, 7, 0.8000, '2025-10-29 04:10:15', '2025-10-29 04:32:08'),
(5024, 36, 35, 2025, 8, 1.0000, '2025-10-29 04:10:15', '2025-10-29 04:32:08'),
(5025, 36, 35, 2025, 9, 0.9000, '2025-10-29 04:10:15', '2025-10-29 04:32:08'),
(5026, 36, 35, 2025, 10, 0.8500, '2025-10-29 04:10:15', '2025-10-29 04:32:08'),
(5027, 36, 35, 2025, 11, 1.0000, '2025-10-29 04:10:15', '2025-10-29 04:32:08'),
(5028, 36, 35, 2025, 12, 1.0000, '2025-10-29 04:10:15', '2025-10-29 04:32:08'),
(5029, 36, 36, 2025, 1, 1.0000, '2025-10-29 04:10:15', '2025-10-29 04:32:08'),
(5030, 36, 36, 2025, 2, 1.0000, '2025-10-29 04:10:15', '2025-10-29 04:32:08'),
(5031, 36, 36, 2025, 3, 1.0000, '2025-10-29 04:10:15', '2025-10-29 04:32:08'),
(5032, 36, 36, 2025, 4, 1.0000, '2025-10-29 04:10:15', '2025-10-29 04:32:08'),
(5033, 36, 36, 2025, 5, 1.0000, '2025-10-29 04:10:15', '2025-10-29 04:32:08'),
(5034, 36, 36, 2025, 6, 1.0000, '2025-10-29 04:10:15', '2025-10-29 04:32:08'),
(5035, 36, 36, 2025, 7, 1.0000, '2025-10-29 04:10:15', '2025-10-29 04:32:08'),
(5036, 36, 36, 2025, 8, 1.0000, '2025-10-29 04:10:15', '2025-10-29 04:32:08'),
(5037, 36, 36, 2025, 9, 1.0000, '2025-10-29 04:10:15', '2025-10-29 04:32:08'),
(5038, 36, 36, 2025, 10, 1.0000, '2025-10-29 04:10:15', '2025-10-29 04:32:08'),
(5039, 36, 36, 2025, 11, 1.0000, '2025-10-29 04:10:15', '2025-10-29 04:32:08'),
(5040, 36, 36, 2025, 12, 0.8000, '2025-10-29 04:10:15', '2025-10-29 04:32:08'),
(5041, 37, 29, 2025, 1, 0.7000, '2025-10-29 04:10:15', '2025-10-29 04:32:08'),
(5042, 37, 29, 2025, 2, 0.8900, '2025-10-29 04:10:15', '2025-10-29 04:32:08'),
(5043, 37, 29, 2025, 3, 0.6600, '2025-10-29 04:10:15', '2025-10-29 04:32:08'),
(5044, 37, 29, 2025, 4, 0.6800, '2025-10-29 04:10:15', '2025-10-29 04:32:08'),
(5045, 37, 29, 2025, 5, 0.8100, '2025-10-29 04:10:15', '2025-10-29 04:32:08'),
(5046, 37, 29, 2025, 6, 0.7600, '2025-10-29 04:10:15', '2025-10-29 04:32:08'),
(5047, 37, 29, 2025, 7, 0.7600, '2025-10-29 04:10:15', '2025-10-29 04:32:08'),
(5048, 37, 29, 2025, 8, 0.9200, '2025-10-29 04:10:15', '2025-10-29 04:32:08'),
(5049, 37, 29, 2025, 9, 0.7000, '2025-10-29 04:10:15', '2025-10-29 04:32:08'),
(5050, 37, 29, 2025, 10, 0.7400, '2025-10-29 04:10:15', '2025-10-29 04:32:08'),
(5051, 37, 29, 2025, 11, 0.7100, '2025-10-29 04:10:15', '2025-10-29 04:32:08'),
(5052, 37, 29, 2025, 12, 0.8600, '2025-10-29 04:10:15', '2025-10-29 04:32:08'),
(5053, 37, 30, 2025, 1, 0.9400, '2025-10-29 04:10:15', '2025-10-29 04:32:08'),
(5054, 37, 30, 2025, 2, 0.9300, '2025-10-29 04:10:15', '2025-10-29 04:32:08'),
(5055, 37, 30, 2025, 3, 1.0000, '2025-10-29 04:10:15', '2025-10-29 04:32:08'),
(5056, 37, 30, 2025, 4, 0.7400, '2025-10-29 04:10:15', '2025-10-29 04:32:08'),
(5057, 37, 30, 2025, 5, 0.7400, '2025-10-29 04:10:15', '2025-10-29 04:32:08'),
(5058, 37, 30, 2025, 6, 0.7500, '2025-10-29 04:10:15', '2025-10-29 04:32:08'),
(5059, 37, 30, 2025, 7, 0.9700, '2025-10-29 04:10:15', '2025-10-29 04:32:08'),
(5060, 37, 30, 2025, 8, 0.8700, '2025-10-29 04:10:15', '2025-10-29 04:32:08'),
(5061, 37, 30, 2025, 9, 0.6600, '2025-10-29 04:10:15', '2025-10-29 04:32:08'),
(5062, 37, 30, 2025, 10, 0.7500, '2025-10-29 04:10:15', '2025-10-29 04:32:08'),
(5063, 37, 30, 2025, 11, 0.9200, '2025-10-29 04:10:15', '2025-10-29 04:32:08'),
(5064, 37, 30, 2025, 12, 0.7300, '2025-10-29 04:10:15', '2025-10-29 04:32:08'),
(5065, 37, 31, 2025, 1, 0.8700, '2025-10-29 04:10:15', '2025-10-29 04:32:08'),
(5066, 37, 31, 2025, 2, 0.7500, '2025-10-29 04:10:15', '2025-10-29 04:32:08'),
(5067, 37, 31, 2025, 3, 0.7800, '2025-10-29 04:10:15', '2025-10-29 04:32:08'),
(5068, 37, 31, 2025, 4, 1.0000, '2025-10-29 04:10:15', '2025-10-29 04:32:08'),
(5069, 37, 31, 2025, 5, 0.6900, '2025-10-29 04:10:15', '2025-10-29 04:32:08'),
(5070, 37, 31, 2025, 6, 0.8600, '2025-10-29 04:10:15', '2025-10-29 04:32:08'),
(5071, 37, 31, 2025, 7, 0.6800, '2025-10-29 04:10:15', '2025-10-29 04:32:08'),
(5072, 37, 31, 2025, 8, 0.9100, '2025-10-29 04:10:15', '2025-10-29 04:32:08'),
(5073, 37, 31, 2025, 9, 0.9400, '2025-10-29 04:10:15', '2025-10-29 04:32:08'),
(5074, 37, 31, 2025, 10, 0.8300, '2025-10-29 04:10:15', '2025-10-29 04:32:08'),
(5075, 37, 31, 2025, 11, 0.6600, '2025-10-29 04:10:15', '2025-10-29 04:32:08'),
(5076, 37, 31, 2025, 12, 0.7800, '2025-10-29 04:10:15', '2025-10-29 04:32:08'),
(5077, 37, 32, 2025, 1, 0.9500, '2025-10-29 04:10:15', '2025-10-29 04:32:08'),
(5078, 37, 32, 2025, 2, 0.6900, '2025-10-29 04:10:15', '2025-10-29 04:32:08'),
(5079, 37, 32, 2025, 3, 0.8900, '2025-10-29 04:10:15', '2025-10-29 04:32:08'),
(5080, 37, 32, 2025, 4, 0.9600, '2025-10-29 04:10:15', '2025-10-29 04:32:08'),
(5081, 37, 32, 2025, 5, 0.7000, '2025-10-29 04:10:15', '2025-10-29 04:32:08'),
(5082, 37, 32, 2025, 6, 0.7900, '2025-10-29 04:10:15', '2025-10-29 04:32:08'),
(5083, 37, 32, 2025, 7, 0.9800, '2025-10-29 04:10:15', '2025-10-29 04:32:08'),
(5084, 37, 32, 2025, 8, 0.9600, '2025-10-29 04:10:15', '2025-10-29 04:32:08'),
(5085, 37, 32, 2025, 9, 0.7300, '2025-10-29 04:10:15', '2025-10-29 04:32:08'),
(5086, 37, 32, 2025, 10, 0.6900, '2025-10-29 04:10:15', '2025-10-29 04:32:08'),
(5087, 37, 32, 2025, 11, 0.7000, '2025-10-29 04:10:15', '2025-10-29 04:32:08'),
(5088, 37, 32, 2025, 12, 0.9800, '2025-10-29 04:10:15', '2025-10-29 04:32:08'),
(5089, 37, 33, 2025, 1, 0.7600, '2025-10-29 04:10:15', '2025-10-29 04:32:08'),
(5090, 37, 33, 2025, 2, 0.9100, '2025-10-29 04:10:15', '2025-10-29 04:32:08'),
(5091, 37, 33, 2025, 3, 0.7400, '2025-10-29 04:10:15', '2025-10-29 04:32:08'),
(5092, 37, 33, 2025, 4, 0.8500, '2025-10-29 04:10:15', '2025-10-29 04:32:08'),
(5093, 37, 33, 2025, 5, 0.9900, '2025-10-29 04:10:15', '2025-10-29 04:32:08'),
(5094, 37, 33, 2025, 6, 0.9400, '2025-10-29 04:10:15', '2025-10-29 04:32:08'),
(5095, 37, 33, 2025, 7, 0.9100, '2025-10-29 04:10:15', '2025-10-29 04:32:08'),
(5096, 37, 33, 2025, 8, 0.9400, '2025-10-29 04:10:15', '2025-10-29 04:32:08'),
(5097, 37, 33, 2025, 9, 0.6500, '2025-10-29 04:10:15', '2025-10-29 04:32:08'),
(5098, 37, 33, 2025, 10, 0.7600, '2025-10-29 04:10:15', '2025-10-29 04:32:08'),
(5099, 37, 33, 2025, 11, 0.9800, '2025-10-29 04:10:15', '2025-10-29 04:32:08'),
(5100, 37, 33, 2025, 12, 0.9600, '2025-10-29 04:10:15', '2025-10-29 04:32:08'),
(5101, 37, 34, 2025, 1, 0.8700, '2025-10-29 04:10:15', '2025-10-29 04:32:08'),
(5102, 37, 34, 2025, 2, 0.6600, '2025-10-29 04:10:15', '2025-10-29 04:32:08'),
(5103, 37, 34, 2025, 3, 0.7700, '2025-10-29 04:10:15', '2025-10-29 04:32:08'),
(5104, 37, 34, 2025, 4, 0.8700, '2025-10-29 04:10:15', '2025-10-29 04:32:08'),
(5105, 37, 34, 2025, 5, 0.8100, '2025-10-29 04:10:15', '2025-10-29 04:32:08'),
(5106, 37, 34, 2025, 6, 0.9200, '2025-10-29 04:10:15', '2025-10-29 04:32:08'),
(5107, 37, 34, 2025, 7, 0.9400, '2025-10-29 04:10:15', '2025-10-29 04:32:08'),
(5108, 37, 34, 2025, 8, 0.7400, '2025-10-29 04:10:15', '2025-10-29 04:32:08'),
(5109, 37, 34, 2025, 9, 0.8100, '2025-10-29 04:10:15', '2025-10-29 04:32:08'),
(5110, 37, 34, 2025, 10, 0.7200, '2025-10-29 04:10:15', '2025-10-29 04:32:08'),
(5111, 37, 34, 2025, 11, 0.6900, '2025-10-29 04:10:15', '2025-10-29 04:32:08'),
(5112, 37, 34, 2025, 12, 0.8000, '2025-10-29 04:10:15', '2025-10-29 04:32:08'),
(5113, 37, 35, 2025, 1, 0.7500, '2025-10-29 04:10:15', '2025-10-29 04:32:08'),
(5114, 37, 35, 2025, 2, 1.0000, '2025-10-29 04:10:15', '2025-10-29 04:32:08'),
(5115, 37, 35, 2025, 3, 0.8000, '2025-10-29 04:10:15', '2025-10-29 04:32:08'),
(5116, 37, 35, 2025, 4, 0.9500, '2025-10-29 04:10:15', '2025-10-29 04:32:08'),
(5117, 37, 35, 2025, 5, 0.9500, '2025-10-29 04:10:15', '2025-10-29 04:32:08'),
(5118, 37, 35, 2025, 6, 1.0000, '2025-10-29 04:10:15', '2025-10-29 04:32:08'),
(5119, 37, 35, 2025, 7, 1.0000, '2025-10-29 04:10:15', '2025-10-29 04:32:08'),
(5120, 37, 35, 2025, 8, 0.9000, '2025-10-29 04:10:15', '2025-10-29 04:32:08'),
(5121, 37, 35, 2025, 9, 1.0000, '2025-10-29 04:10:15', '2025-10-29 04:32:08'),
(5122, 37, 35, 2025, 10, 1.0000, '2025-10-29 04:10:15', '2025-10-29 04:32:08'),
(5123, 37, 35, 2025, 11, 1.0000, '2025-10-29 04:10:15', '2025-10-29 04:32:08'),
(5124, 37, 35, 2025, 12, 1.0000, '2025-10-29 04:10:15', '2025-10-29 04:32:08'),
(5125, 37, 36, 2025, 1, 1.0000, '2025-10-29 04:10:15', '2025-10-29 04:32:08'),
(5126, 37, 36, 2025, 2, 0.9000, '2025-10-29 04:10:15', '2025-10-29 04:32:08'),
(5127, 37, 36, 2025, 3, 1.0000, '2025-10-29 04:10:15', '2025-10-29 04:32:08'),
(5128, 37, 36, 2025, 4, 1.0000, '2025-10-29 04:10:15', '2025-10-29 04:32:08'),
(5129, 37, 36, 2025, 5, 1.0000, '2025-10-29 04:10:15', '2025-10-29 04:32:08'),
(5130, 37, 36, 2025, 6, 1.0000, '2025-10-29 04:10:15', '2025-10-29 04:32:08'),
(5131, 37, 36, 2025, 7, 1.0000, '2025-10-29 04:10:15', '2025-10-29 04:32:08'),
(5132, 37, 36, 2025, 8, 1.0000, '2025-10-29 04:10:15', '2025-10-29 04:32:08'),
(5133, 37, 36, 2025, 9, 1.0000, '2025-10-29 04:10:15', '2025-10-29 04:32:08'),
(5134, 37, 36, 2025, 10, 1.0000, '2025-10-29 04:10:15', '2025-10-29 04:32:08'),
(5135, 37, 36, 2025, 11, 1.0000, '2025-10-29 04:10:15', '2025-10-29 04:32:08'),
(5136, 37, 36, 2025, 12, 0.8000, '2025-10-29 04:10:15', '2025-10-29 04:32:08'),
(5137, 38, 29, 2025, 1, 0.9000, '2025-10-29 04:10:15', '2025-10-29 04:32:08'),
(5138, 38, 29, 2025, 2, 0.9500, '2025-10-29 04:10:15', '2025-10-29 04:32:08'),
(5139, 38, 29, 2025, 3, 1.0000, '2025-10-29 04:10:15', '2025-10-29 04:32:08'),
(5140, 38, 29, 2025, 4, 1.0000, '2025-10-29 04:10:15', '2025-10-29 04:32:08'),
(5141, 38, 29, 2025, 5, 1.0000, '2025-10-29 04:10:15', '2025-10-29 04:32:08'),
(5142, 38, 29, 2025, 6, 0.9000, '2025-10-29 04:10:15', '2025-10-29 04:32:08'),
(5143, 38, 29, 2025, 7, 1.0000, '2025-10-29 04:10:15', '2025-10-29 04:32:08'),
(5144, 38, 29, 2025, 8, 1.0000, '2025-10-29 04:10:15', '2025-10-29 04:32:08'),
(5145, 38, 29, 2025, 9, 1.0000, '2025-10-29 04:10:15', '2025-10-29 04:32:08'),
(5146, 38, 29, 2025, 10, 0.9000, '2025-10-29 04:10:15', '2025-10-29 04:32:08'),
(5147, 38, 29, 2025, 11, 1.0000, '2025-10-29 04:10:15', '2025-10-29 04:32:08'),
(5148, 38, 29, 2025, 12, 1.0000, '2025-10-29 04:10:15', '2025-10-29 04:32:08'),
(5149, 38, 30, 2025, 1, 0.9500, '2025-10-29 04:10:15', '2025-10-29 04:32:08'),
(5150, 38, 30, 2025, 2, 1.0000, '2025-10-29 04:10:15', '2025-10-29 04:32:08'),
(5151, 38, 30, 2025, 3, 0.9500, '2025-10-29 04:10:15', '2025-10-29 04:32:08'),
(5152, 38, 30, 2025, 4, 0.9000, '2025-10-29 04:10:15', '2025-10-29 04:32:08'),
(5153, 38, 30, 2025, 5, 1.0000, '2025-10-29 04:10:15', '2025-10-29 04:32:08'),
(5154, 38, 30, 2025, 6, 1.0000, '2025-10-29 04:10:15', '2025-10-29 04:32:08'),
(5155, 38, 30, 2025, 7, 1.0000, '2025-10-29 04:10:15', '2025-10-29 04:32:08'),
(5156, 38, 30, 2025, 8, 0.9500, '2025-10-29 04:10:15', '2025-10-29 04:32:08'),
(5157, 38, 30, 2025, 9, 1.0000, '2025-10-29 04:10:15', '2025-10-29 04:32:08'),
(5158, 38, 30, 2025, 10, 1.0000, '2025-10-29 04:10:15', '2025-10-29 04:32:08'),
(5159, 38, 30, 2025, 11, 0.9500, '2025-10-29 04:10:15', '2025-10-29 04:32:08'),
(5160, 38, 30, 2025, 12, 0.9000, '2025-10-29 04:10:15', '2025-10-29 04:32:08'),
(5161, 38, 31, 2025, 1, 0.7300, '2025-10-29 04:10:15', '2025-10-29 04:32:08'),
(5162, 38, 31, 2025, 2, 0.9900, '2025-10-29 04:10:15', '2025-10-29 04:32:08'),
(5163, 38, 31, 2025, 3, 0.9100, '2025-10-29 04:10:15', '2025-10-29 04:32:08'),
(5164, 38, 31, 2025, 4, 0.9300, '2025-10-29 04:10:15', '2025-10-29 04:32:08'),
(5165, 38, 31, 2025, 5, 0.7500, '2025-10-29 04:10:15', '2025-10-29 04:32:08'),
(5166, 38, 31, 2025, 6, 0.8000, '2025-10-29 04:10:15', '2025-10-29 04:32:08'),
(5167, 38, 31, 2025, 7, 0.7900, '2025-10-29 04:10:15', '2025-10-29 04:32:08'),
(5168, 38, 31, 2025, 8, 0.7900, '2025-10-29 04:10:15', '2025-10-29 04:32:08'),
(5169, 38, 31, 2025, 9, 0.9700, '2025-10-29 04:10:15', '2025-10-29 04:32:08'),
(5170, 38, 31, 2025, 10, 0.6700, '2025-10-29 04:10:15', '2025-10-29 04:32:08'),
(5171, 38, 31, 2025, 11, 0.6500, '2025-10-29 04:10:15', '2025-10-29 04:32:08'),
(5172, 38, 31, 2025, 12, 0.8500, '2025-10-29 04:10:15', '2025-10-29 04:32:08'),
(5173, 38, 32, 2025, 1, 1.0000, '2025-10-29 04:10:15', '2025-10-29 04:32:08'),
(5174, 38, 32, 2025, 2, 0.7200, '2025-10-29 04:10:15', '2025-10-29 04:32:08'),
(5175, 38, 32, 2025, 3, 0.8000, '2025-10-29 04:10:15', '2025-10-29 04:32:08'),
(5176, 38, 32, 2025, 4, 0.8500, '2025-10-29 04:10:15', '2025-10-29 04:32:08'),
(5177, 38, 32, 2025, 5, 0.8500, '2025-10-29 04:10:15', '2025-10-29 04:32:08'),
(5178, 38, 32, 2025, 6, 0.9000, '2025-10-29 04:10:15', '2025-10-29 04:32:08'),
(5179, 38, 32, 2025, 7, 0.9500, '2025-10-29 04:10:15', '2025-10-29 04:32:08'),
(5180, 38, 32, 2025, 8, 0.7300, '2025-10-29 04:10:15', '2025-10-29 04:32:08'),
(5181, 38, 32, 2025, 9, 0.7400, '2025-10-29 04:10:15', '2025-10-29 04:32:08'),
(5182, 38, 32, 2025, 10, 0.8500, '2025-10-29 04:10:15', '2025-10-29 04:32:08'),
(5183, 38, 32, 2025, 11, 0.7800, '2025-10-29 04:10:15', '2025-10-29 04:32:08'),
(5184, 38, 32, 2025, 12, 0.9300, '2025-10-29 04:10:15', '2025-10-29 04:32:08'),
(5185, 38, 33, 2025, 1, 1.0000, '2025-10-29 04:10:15', '2025-10-29 04:32:08'),
(5186, 38, 33, 2025, 2, 1.0000, '2025-10-29 04:10:15', '2025-10-29 04:32:08'),
(5187, 38, 33, 2025, 3, 1.0000, '2025-10-29 04:10:15', '2025-10-29 04:32:08'),
(5188, 38, 33, 2025, 4, 1.0000, '2025-10-29 04:10:15', '2025-10-29 04:32:08'),
(5189, 38, 33, 2025, 5, 1.0000, '2025-10-29 04:10:15', '2025-10-29 04:32:08'),
(5190, 38, 33, 2025, 6, 0.6800, '2025-10-29 04:10:15', '2025-10-29 04:32:08'),
(5191, 38, 33, 2025, 7, 0.9700, '2025-10-29 04:10:15', '2025-10-29 04:32:08'),
(5192, 38, 33, 2025, 8, 0.6600, '2025-10-29 04:10:15', '2025-10-29 04:32:08'),
(5193, 38, 33, 2025, 9, 0.6700, '2025-10-29 04:10:15', '2025-10-29 04:32:08'),
(5194, 38, 33, 2025, 10, 0.8700, '2025-10-29 04:10:15', '2025-10-29 04:32:08'),
(5195, 38, 33, 2025, 11, 1.0000, '2025-10-29 04:10:15', '2025-10-29 04:32:08'),
(5196, 38, 33, 2025, 12, 1.0000, '2025-10-29 04:10:15', '2025-10-29 04:32:08'),
(5197, 38, 34, 2025, 1, 1.0000, '2025-10-29 04:10:15', '2025-10-29 04:32:08'),
(5198, 38, 34, 2025, 2, 1.0000, '2025-10-29 04:10:15', '2025-10-29 04:32:08'),
(5199, 38, 34, 2025, 3, 0.9500, '2025-10-29 04:10:15', '2025-10-29 04:32:08'),
(5200, 38, 34, 2025, 4, 1.0000, '2025-10-29 04:10:15', '2025-10-29 04:32:08'),
(5201, 38, 34, 2025, 5, 1.0000, '2025-10-29 04:10:15', '2025-10-29 04:32:08'),
(5202, 38, 34, 2025, 6, 0.7700, '2025-10-29 04:10:15', '2025-10-29 04:32:08'),
(5203, 38, 34, 2025, 7, 0.7100, '2025-10-29 04:10:15', '2025-10-29 04:32:08'),
(5204, 38, 34, 2025, 8, 0.6700, '2025-10-29 04:10:15', '2025-10-29 04:32:08'),
(5205, 38, 34, 2025, 9, 0.9200, '2025-10-29 04:10:15', '2025-10-29 04:32:08'),
(5206, 38, 34, 2025, 10, 0.8100, '2025-10-29 04:10:15', '2025-10-29 04:32:08'),
(5207, 38, 34, 2025, 11, 0.9000, '2025-10-29 04:10:15', '2025-10-29 04:32:08'),
(5208, 38, 34, 2025, 12, 1.0000, '2025-10-29 04:10:15', '2025-10-29 04:32:08'),
(5209, 38, 35, 2025, 1, 0.9300, '2025-10-29 04:10:15', '2025-10-29 04:32:08'),
(5210, 38, 35, 2025, 2, 0.6800, '2025-10-29 04:10:15', '2025-10-29 04:32:08'),
(5211, 38, 35, 2025, 3, 0.7800, '2025-10-29 04:10:15', '2025-10-29 04:32:08'),
(5212, 38, 35, 2025, 4, 0.8200, '2025-10-29 04:10:15', '2025-10-29 04:32:08'),
(5213, 38, 35, 2025, 5, 0.9400, '2025-10-29 04:10:15', '2025-10-29 04:32:08'),
(5214, 38, 35, 2025, 6, 0.7200, '2025-10-29 04:10:15', '2025-10-29 04:32:08'),
(5215, 38, 35, 2025, 7, 0.9300, '2025-10-29 04:10:15', '2025-10-29 04:32:08'),
(5216, 38, 35, 2025, 8, 0.6800, '2025-10-29 04:10:15', '2025-10-29 04:32:08'),
(5217, 38, 35, 2025, 9, 0.9700, '2025-10-29 04:10:15', '2025-10-29 04:32:08'),
(5218, 38, 35, 2025, 10, 0.6600, '2025-10-29 04:10:15', '2025-10-29 04:32:08'),
(5219, 38, 35, 2025, 11, 0.6700, '2025-10-29 04:10:15', '2025-10-29 04:32:08'),
(5220, 38, 35, 2025, 12, 0.8700, '2025-10-29 04:10:15', '2025-10-29 04:32:08'),
(5221, 38, 36, 2025, 1, 0.7000, '2025-10-29 04:10:15', '2025-10-29 04:32:08'),
(5222, 38, 36, 2025, 2, 0.7800, '2025-10-29 04:10:15', '2025-10-29 04:32:08'),
(5223, 38, 36, 2025, 3, 0.6900, '2025-10-29 04:10:15', '2025-10-29 04:32:08'),
(5224, 38, 36, 2025, 4, 1.0000, '2025-10-29 04:10:15', '2025-10-29 04:32:08'),
(5225, 38, 36, 2025, 5, 0.7000, '2025-10-29 04:10:15', '2025-10-29 04:32:08'),
(5226, 38, 36, 2025, 6, 0.7600, '2025-10-29 04:10:15', '2025-10-29 04:32:08'),
(5227, 38, 36, 2025, 7, 0.9600, '2025-10-29 04:10:15', '2025-10-29 04:32:08'),
(5228, 38, 36, 2025, 8, 0.7700, '2025-10-29 04:10:15', '2025-10-29 04:32:08'),
(5229, 38, 36, 2025, 9, 0.7100, '2025-10-29 04:10:15', '2025-10-29 04:32:08'),
(5230, 38, 36, 2025, 10, 0.6700, '2025-10-29 04:10:15', '2025-10-29 04:32:08'),
(5231, 38, 36, 2025, 11, 0.9200, '2025-10-29 04:10:15', '2025-10-29 04:32:08'),
(5232, 38, 36, 2025, 12, 0.8100, '2025-10-29 04:10:15', '2025-10-29 04:32:08'),
(5233, 39, 29, 2025, 1, 1.0000, '2025-10-29 04:10:15', '2025-10-29 04:32:08'),
(5234, 39, 29, 2025, 2, 1.0000, '2025-10-29 04:10:15', '2025-10-29 04:32:08'),
(5235, 39, 29, 2025, 3, 0.9000, '2025-10-29 04:10:15', '2025-10-29 04:32:08'),
(5236, 39, 29, 2025, 4, 0.7100, '2025-10-29 04:10:15', '2025-10-29 04:32:08'),
(5237, 39, 29, 2025, 5, 0.8200, '2025-10-29 04:10:15', '2025-10-29 04:32:08'),
(5238, 39, 29, 2025, 6, 0.7400, '2025-10-29 04:10:15', '2025-10-29 04:32:08'),
(5239, 39, 29, 2025, 7, 0.7500, '2025-10-29 04:10:15', '2025-10-29 04:32:08'),
(5240, 39, 29, 2025, 8, 0.8100, '2025-10-29 04:10:15', '2025-10-29 04:32:08'),
(5241, 39, 29, 2025, 9, 0.7300, '2025-10-29 04:10:15', '2025-10-29 04:32:08'),
(5242, 39, 29, 2025, 10, 1.0000, '2025-10-29 04:10:15', '2025-10-29 04:32:08'),
(5243, 39, 29, 2025, 11, 0.9000, '2025-10-29 04:10:15', '2025-10-29 04:32:08'),
(5244, 39, 29, 2025, 12, 1.0000, '2025-10-29 04:10:15', '2025-10-29 04:32:08'),
(5245, 39, 30, 2025, 1, 0.9500, '2025-10-29 04:10:15', '2025-10-29 04:32:08'),
(5246, 39, 30, 2025, 2, 1.0000, '2025-10-29 04:10:15', '2025-10-29 04:32:08'),
(5247, 39, 30, 2025, 3, 1.0000, '2025-10-29 04:10:15', '2025-10-29 04:32:08'),
(5248, 39, 30, 2025, 4, 0.7800, '2025-10-29 04:10:15', '2025-10-29 04:32:08'),
(5249, 39, 30, 2025, 5, 0.9400, '2025-10-29 04:10:15', '2025-10-29 04:32:08'),
(5250, 39, 30, 2025, 6, 0.6800, '2025-10-29 04:10:15', '2025-10-29 04:32:08'),
(5251, 39, 30, 2025, 7, 0.8400, '2025-10-29 04:10:15', '2025-10-29 04:32:08'),
(5252, 39, 30, 2025, 8, 0.6600, '2025-10-29 04:10:15', '2025-10-29 04:32:08'),
(5253, 39, 30, 2025, 9, 0.8600, '2025-10-29 04:10:15', '2025-10-29 04:32:08'),
(5254, 39, 30, 2025, 10, 0.9500, '2025-10-29 04:10:15', '2025-10-29 04:32:08'),
(5255, 39, 30, 2025, 11, 1.0000, '2025-10-29 04:10:15', '2025-10-29 04:32:08'),
(5256, 39, 30, 2025, 12, 0.9500, '2025-10-29 04:10:15', '2025-10-29 04:32:08'),
(5257, 39, 31, 2025, 1, 1.0000, '2025-10-29 04:10:15', '2025-10-29 04:32:08'),
(5258, 39, 31, 2025, 2, 0.9600, '2025-10-29 04:10:15', '2025-10-29 04:32:08'),
(5259, 39, 31, 2025, 3, 0.9000, '2025-10-29 04:10:15', '2025-10-29 04:32:08'),
(5260, 39, 31, 2025, 4, 0.9200, '2025-10-29 04:10:15', '2025-10-29 04:32:08'),
(5261, 39, 31, 2025, 5, 0.7100, '2025-10-29 04:10:15', '2025-10-29 04:32:08'),
(5262, 39, 31, 2025, 6, 0.6500, '2025-10-29 04:10:15', '2025-10-29 04:32:08'),
(5263, 39, 31, 2025, 7, 0.8700, '2025-10-29 04:10:15', '2025-10-29 04:32:08'),
(5264, 39, 31, 2025, 8, 0.9500, '2025-10-29 04:10:15', '2025-10-29 04:32:08'),
(5265, 39, 31, 2025, 9, 1.0000, '2025-10-29 04:10:15', '2025-10-29 04:32:08'),
(5266, 39, 31, 2025, 10, 1.0000, '2025-10-29 04:10:15', '2025-10-29 04:32:08'),
(5267, 39, 31, 2025, 11, 1.0000, '2025-10-29 04:10:15', '2025-10-29 04:32:08'),
(5268, 39, 31, 2025, 12, 1.0000, '2025-10-29 04:10:15', '2025-10-29 04:32:08'),
(5269, 39, 32, 2025, 1, 0.9000, '2025-10-29 04:10:15', '2025-10-29 04:32:08'),
(5270, 39, 32, 2025, 2, 0.8400, '2025-10-29 04:10:15', '2025-10-29 04:32:08'),
(5271, 39, 32, 2025, 3, 0.7200, '2025-10-29 04:10:15', '2025-10-29 04:32:08'),
(5272, 39, 32, 2025, 4, 0.8700, '2025-10-29 04:10:15', '2025-10-29 04:32:08'),
(5273, 39, 32, 2025, 5, 0.9500, '2025-10-29 04:10:15', '2025-10-29 04:32:08'),
(5274, 39, 32, 2025, 6, 0.9200, '2025-10-29 04:10:15', '2025-10-29 04:32:08'),
(5275, 39, 32, 2025, 7, 0.9600, '2025-10-29 04:10:15', '2025-10-29 04:32:08'),
(5276, 39, 32, 2025, 8, 1.0000, '2025-10-29 04:10:15', '2025-10-29 04:32:08'),
(5277, 39, 32, 2025, 9, 1.0000, '2025-10-29 04:10:15', '2025-10-29 04:32:08'),
(5278, 39, 32, 2025, 10, 0.9500, '2025-10-29 04:10:15', '2025-10-29 04:32:08'),
(5279, 39, 32, 2025, 11, 1.0000, '2025-10-29 04:10:15', '2025-10-29 04:32:08'),
(5280, 39, 32, 2025, 12, 0.9500, '2025-10-29 04:10:15', '2025-10-29 04:32:08'),
(5281, 39, 33, 2025, 1, 1.0000, '2025-10-29 04:10:15', '2025-10-29 04:32:08'),
(5282, 39, 33, 2025, 2, 1.0000, '2025-10-29 04:10:15', '2025-10-29 04:32:08'),
(5283, 39, 33, 2025, 3, 0.9500, '2025-10-29 04:10:15', '2025-10-29 04:32:08'),
(5284, 39, 33, 2025, 4, 1.0000, '2025-10-29 04:10:15', '2025-10-29 04:32:08'),
(5285, 39, 33, 2025, 5, 1.0000, '2025-10-29 04:10:15', '2025-10-29 04:32:08'),
(5286, 39, 33, 2025, 6, 1.0000, '2025-10-29 04:10:15', '2025-10-29 04:32:08'),
(5287, 39, 33, 2025, 7, 1.0000, '2025-10-29 04:10:15', '2025-10-29 04:32:08'),
(5288, 39, 33, 2025, 8, 1.0000, '2025-10-29 04:10:15', '2025-10-29 04:32:08'),
(5289, 39, 33, 2025, 9, 0.9500, '2025-10-29 04:10:15', '2025-10-29 04:32:08'),
(5290, 39, 33, 2025, 10, 1.0000, '2025-10-29 04:10:15', '2025-10-29 04:32:08'),
(5291, 39, 33, 2025, 11, 1.0000, '2025-10-29 04:10:15', '2025-10-29 04:32:08'),
(5292, 39, 33, 2025, 12, 0.9500, '2025-10-29 04:10:15', '2025-10-29 04:32:08'),
(5293, 39, 34, 2025, 1, 0.9500, '2025-10-29 04:10:15', '2025-10-29 04:32:08'),
(5294, 39, 34, 2025, 2, 1.0000, '2025-10-29 04:10:15', '2025-10-29 04:32:08'),
(5295, 39, 34, 2025, 3, 1.0000, '2025-10-29 04:10:15', '2025-10-29 04:32:08'),
(5296, 39, 34, 2025, 4, 1.0000, '2025-10-29 04:10:15', '2025-10-29 04:32:08'),
(5297, 39, 34, 2025, 5, 0.9600, '2025-10-29 04:10:15', '2025-10-29 04:32:08'),
(5298, 39, 34, 2025, 6, 1.0000, '2025-10-29 04:10:15', '2025-10-29 04:32:08'),
(5299, 39, 34, 2025, 7, 0.9000, '2025-10-29 04:10:15', '2025-10-29 04:32:08'),
(5300, 39, 34, 2025, 8, 1.0000, '2025-10-29 04:10:15', '2025-10-29 04:32:08'),
(5301, 39, 34, 2025, 9, 1.0000, '2025-10-29 04:10:15', '2025-10-29 04:32:08'),
(5302, 39, 34, 2025, 10, 0.9500, '2025-10-29 04:10:15', '2025-10-29 04:32:08'),
(5303, 39, 34, 2025, 11, 1.0000, '2025-10-29 04:10:15', '2025-10-29 04:32:08'),
(5304, 39, 34, 2025, 12, 1.0000, '2025-10-29 04:10:15', '2025-10-29 04:32:08'),
(5305, 39, 35, 2025, 1, 0.9500, '2025-10-29 04:10:15', '2025-10-29 04:32:08'),
(5306, 39, 35, 2025, 2, 1.0000, '2025-10-29 04:10:15', '2025-10-29 04:32:08'),
(5307, 39, 35, 2025, 3, 1.0000, '2025-10-29 04:10:15', '2025-10-29 04:32:08'),
(5308, 39, 35, 2025, 4, 0.9500, '2025-10-29 04:10:15', '2025-10-29 04:32:08'),
(5309, 39, 35, 2025, 5, 0.9500, '2025-10-29 04:10:15', '2025-10-29 04:32:08'),
(5310, 39, 35, 2025, 6, 0.9000, '2025-10-29 04:10:15', '2025-10-29 04:32:08'),
(5311, 39, 35, 2025, 7, 0.7900, '2025-10-29 04:10:15', '2025-10-29 04:32:08'),
(5312, 39, 35, 2025, 8, 0.6600, '2025-10-29 04:10:15', '2025-10-29 04:32:08'),
(5313, 39, 35, 2025, 9, 0.7900, '2025-10-29 04:10:15', '2025-10-29 04:32:08'),
(5314, 39, 35, 2025, 10, 0.9400, '2025-10-29 04:10:15', '2025-10-29 04:32:08'),
(5315, 39, 35, 2025, 11, 0.7100, '2025-10-29 04:10:15', '2025-10-29 04:32:08'),
(5316, 39, 35, 2025, 12, 0.8300, '2025-10-29 04:10:15', '2025-10-29 04:32:08'),
(5317, 39, 36, 2025, 1, 1.0000, '2025-10-29 04:10:15', '2025-10-29 04:32:08'),
(5318, 39, 36, 2025, 2, 0.9500, '2025-10-29 04:10:15', '2025-10-29 04:32:08'),
(5319, 39, 36, 2025, 3, 1.0000, '2025-10-29 04:10:15', '2025-10-29 04:32:08'),
(5320, 39, 36, 2025, 4, 1.0000, '2025-10-29 04:10:15', '2025-10-29 04:32:08'),
(5321, 39, 36, 2025, 5, 1.0000, '2025-10-29 04:10:15', '2025-10-29 04:32:08'),
(5322, 39, 36, 2025, 6, 1.0000, '2025-10-29 04:10:15', '2025-10-29 04:32:08'),
(5323, 39, 36, 2025, 7, 0.8200, '2025-10-29 04:10:15', '2025-10-29 04:32:08'),
(5324, 39, 36, 2025, 8, 0.6600, '2025-10-29 04:10:15', '2025-10-29 04:32:08'),
(5325, 39, 36, 2025, 9, 0.9300, '2025-10-29 04:10:15', '2025-10-29 04:32:08'),
(5326, 39, 36, 2025, 10, 0.8900, '2025-10-29 04:10:15', '2025-10-29 04:32:08'),
(5327, 39, 36, 2025, 11, 0.8100, '2025-10-29 04:10:15', '2025-10-29 04:32:08'),
(5328, 39, 36, 2025, 12, 0.9500, '2025-10-29 04:10:15', '2025-10-29 04:32:08'),
(5329, 40, 29, 2025, 1, 0.8300, '2025-10-29 04:10:15', '2025-10-29 04:32:08'),
(5330, 40, 29, 2025, 2, 0.7600, '2025-10-29 04:10:15', '2025-10-29 04:32:08'),
(5331, 40, 29, 2025, 3, 0.9400, '2025-10-29 04:10:15', '2025-10-29 04:32:08'),
(5332, 40, 29, 2025, 4, 0.8500, '2025-10-29 04:10:15', '2025-10-29 04:32:08'),
(5333, 40, 29, 2025, 5, 0.6500, '2025-10-29 04:10:15', '2025-10-29 04:32:08'),
(5334, 40, 29, 2025, 6, 0.9400, '2025-10-29 04:10:15', '2025-10-29 04:32:08'),
(5335, 40, 29, 2025, 7, 1.0000, '2025-10-29 04:10:15', '2025-10-29 04:32:08'),
(5336, 40, 29, 2025, 8, 0.9000, '2025-10-29 04:10:15', '2025-10-29 04:32:08'),
(5337, 40, 29, 2025, 9, 1.0000, '2025-10-29 04:10:15', '2025-10-29 04:32:08'),
(5338, 40, 29, 2025, 10, 1.0000, '2025-10-29 04:10:15', '2025-10-29 04:32:08'),
(5339, 40, 29, 2025, 11, 1.0000, '2025-10-29 04:10:15', '2025-10-29 04:32:08'),
(5340, 40, 29, 2025, 12, 1.0000, '2025-10-29 04:10:15', '2025-10-29 04:32:08'),
(5341, 40, 30, 2025, 1, 0.7800, '2025-10-29 04:10:15', '2025-10-29 04:32:08'),
(5342, 40, 30, 2025, 2, 0.7700, '2025-10-29 04:10:15', '2025-10-29 04:32:09'),
(5343, 40, 30, 2025, 3, 0.8500, '2025-10-29 04:10:15', '2025-10-29 04:32:09'),
(5344, 40, 30, 2025, 4, 0.9800, '2025-10-29 04:10:15', '2025-10-29 04:32:09'),
(5345, 40, 30, 2025, 5, 0.8700, '2025-10-29 04:10:15', '2025-10-29 04:32:09'),
(5346, 40, 30, 2025, 6, 0.8700, '2025-10-29 04:10:15', '2025-10-29 04:32:09'),
(5347, 40, 30, 2025, 7, 1.0000, '2025-10-29 04:10:15', '2025-10-29 04:32:09'),
(5348, 40, 30, 2025, 8, 1.0000, '2025-10-29 04:10:15', '2025-10-29 04:32:09'),
(5349, 40, 30, 2025, 9, 1.0000, '2025-10-29 04:10:15', '2025-10-29 04:32:09'),
(5350, 40, 30, 2025, 10, 1.0000, '2025-10-29 04:10:15', '2025-10-29 04:32:09'),
(5351, 40, 30, 2025, 11, 1.0000, '2025-10-29 04:10:15', '2025-10-29 04:32:09'),
(5352, 40, 30, 2025, 12, 1.0000, '2025-10-29 04:10:15', '2025-10-29 04:32:09'),
(5353, 40, 31, 2025, 1, 1.0000, '2025-10-29 04:10:15', '2025-10-29 04:32:09'),
(5354, 40, 31, 2025, 2, 1.0000, '2025-10-29 04:10:15', '2025-10-29 04:32:09'),
(5355, 40, 31, 2025, 3, 1.0000, '2025-10-29 04:10:15', '2025-10-29 04:32:09'),
(5356, 40, 31, 2025, 4, 0.8900, '2025-10-29 04:10:15', '2025-10-29 04:32:09'),
(5357, 40, 31, 2025, 5, 0.7900, '2025-10-29 04:10:15', '2025-10-29 04:32:09'),
(5358, 40, 31, 2025, 6, 0.6700, '2025-10-29 04:10:15', '2025-10-29 04:32:09'),
(5359, 40, 31, 2025, 7, 0.9900, '2025-10-29 04:10:15', '2025-10-29 04:32:09'),
(5360, 40, 31, 2025, 8, 0.7300, '2025-10-29 04:10:15', '2025-10-29 04:32:09'),
(5361, 40, 31, 2025, 9, 0.7600, '2025-10-29 04:10:15', '2025-10-29 04:32:09'),
(5362, 40, 31, 2025, 10, 1.0000, '2025-10-29 04:10:15', '2025-10-29 04:32:09'),
(5363, 40, 31, 2025, 11, 1.0000, '2025-10-29 04:10:15', '2025-10-29 04:32:09'),
(5364, 40, 31, 2025, 12, 1.0000, '2025-10-29 04:10:15', '2025-10-29 04:32:09'),
(5365, 40, 32, 2025, 1, 1.0000, '2025-10-29 04:10:15', '2025-10-29 04:32:09'),
(5366, 40, 32, 2025, 2, 1.0000, '2025-10-29 04:10:15', '2025-10-29 04:32:09'),
(5367, 40, 32, 2025, 3, 1.0000, '2025-10-29 04:10:15', '2025-10-29 04:32:09'),
(5368, 40, 32, 2025, 4, 0.9400, '2025-10-29 04:10:15', '2025-10-29 04:32:09'),
(5369, 40, 32, 2025, 5, 0.6500, '2025-10-29 04:10:15', '2025-10-29 04:32:09'),
(5370, 40, 32, 2025, 6, 0.7300, '2025-10-29 04:10:15', '2025-10-29 04:32:09'),
(5371, 40, 32, 2025, 7, 0.6800, '2025-10-29 04:10:15', '2025-10-29 04:32:09'),
(5372, 40, 32, 2025, 8, 0.9000, '2025-10-29 04:10:15', '2025-10-29 04:32:09'),
(5373, 40, 32, 2025, 9, 0.7700, '2025-10-29 04:10:15', '2025-10-29 04:32:09'),
(5374, 40, 32, 2025, 10, 0.9700, '2025-10-29 04:10:15', '2025-10-29 04:32:09'),
(5375, 40, 32, 2025, 11, 1.0000, '2025-10-29 04:10:15', '2025-10-29 04:32:09'),
(5376, 40, 32, 2025, 12, 1.0000, '2025-10-29 04:10:15', '2025-10-29 04:32:09'),
(5377, 40, 33, 2025, 1, 1.0000, '2025-10-29 04:10:15', '2025-10-29 04:32:09'),
(5378, 40, 33, 2025, 2, 0.6700, '2025-10-29 04:10:15', '2025-10-29 04:32:09'),
(5379, 40, 33, 2025, 3, 0.8000, '2025-10-29 04:10:15', '2025-10-29 04:32:09'),
(5380, 40, 33, 2025, 4, 0.9800, '2025-10-29 04:10:15', '2025-10-29 04:32:09'),
(5381, 40, 33, 2025, 5, 0.9300, '2025-10-29 04:10:15', '2025-10-29 04:32:09'),
(5382, 40, 33, 2025, 6, 0.8500, '2025-10-29 04:10:15', '2025-10-29 04:32:09'),
(5383, 40, 33, 2025, 7, 0.8800, '2025-10-29 04:10:15', '2025-10-29 04:32:09'),
(5384, 40, 33, 2025, 8, 1.0000, '2025-10-29 04:10:15', '2025-10-29 04:32:09'),
(5385, 40, 33, 2025, 9, 1.0000, '2025-10-29 04:10:15', '2025-10-29 04:32:09'),
(5386, 40, 33, 2025, 10, 1.0000, '2025-10-29 04:10:15', '2025-10-29 04:32:09'),
(5387, 40, 33, 2025, 11, 1.0000, '2025-10-29 04:10:15', '2025-10-29 04:32:09'),
(5388, 40, 33, 2025, 12, 1.0000, '2025-10-29 04:10:15', '2025-10-29 04:32:09'),
(5389, 40, 34, 2025, 1, 1.0000, '2025-10-29 04:10:15', '2025-10-29 04:32:09'),
(5390, 40, 34, 2025, 2, 0.9700, '2025-10-29 04:10:15', '2025-10-29 04:32:09'),
(5391, 40, 34, 2025, 3, 1.0000, '2025-10-29 04:10:15', '2025-10-29 04:32:09'),
(5392, 40, 34, 2025, 4, 0.8700, '2025-10-29 04:10:15', '2025-10-29 04:32:09'),
(5393, 40, 34, 2025, 5, 0.9200, '2025-10-29 04:10:15', '2025-10-29 04:32:09'),
(5394, 40, 34, 2025, 6, 0.9100, '2025-10-29 04:10:15', '2025-10-29 04:32:09'),
(5395, 40, 34, 2025, 7, 0.8200, '2025-10-29 04:10:15', '2025-10-29 04:32:09'),
(5396, 40, 34, 2025, 8, 0.7500, '2025-10-29 04:10:15', '2025-10-29 04:32:09'),
(5397, 40, 34, 2025, 9, 1.0000, '2025-10-29 04:10:15', '2025-10-29 04:32:09'),
(5398, 40, 34, 2025, 10, 0.9800, '2025-10-29 04:10:15', '2025-10-29 04:32:09'),
(5399, 40, 34, 2025, 11, 1.0000, '2025-10-29 04:10:15', '2025-10-29 04:32:09'),
(5400, 40, 34, 2025, 12, 1.0000, '2025-10-29 04:10:15', '2025-10-29 04:32:09'),
(5401, 40, 35, 2025, 1, 0.8000, '2025-10-29 04:10:15', '2025-10-29 04:32:09'),
(5402, 40, 35, 2025, 2, 0.8500, '2025-10-29 04:10:15', '2025-10-29 04:32:09'),
(5403, 40, 35, 2025, 3, 0.9000, '2025-10-29 04:10:15', '2025-10-29 04:32:09'),
(5404, 40, 35, 2025, 4, 0.9500, '2025-10-29 04:10:15', '2025-10-29 04:32:09'),
(5405, 40, 35, 2025, 5, 0.9500, '2025-10-29 04:10:15', '2025-10-29 04:32:09'),
(5406, 40, 35, 2025, 6, 1.0000, '2025-10-29 04:10:15', '2025-10-29 04:32:09'),
(5407, 40, 35, 2025, 7, 0.8000, '2025-10-29 04:10:15', '2025-10-29 04:32:09'),
(5408, 40, 35, 2025, 8, 1.0000, '2025-10-29 04:10:15', '2025-10-29 04:32:09'),
(5409, 40, 35, 2025, 9, 1.0000, '2025-10-29 04:10:15', '2025-10-29 04:32:09'),
(5410, 40, 35, 2025, 10, 1.0000, '2025-10-29 04:10:15', '2025-10-29 04:32:09'),
(5411, 40, 35, 2025, 11, 1.0000, '2025-10-29 04:10:15', '2025-10-29 04:32:09'),
(5412, 40, 35, 2025, 12, 1.0000, '2025-10-29 04:10:15', '2025-10-29 04:32:09'),
(5413, 40, 36, 2025, 1, 0.7500, '2025-10-29 04:10:15', '2025-10-29 04:32:09'),
(5414, 40, 36, 2025, 2, 0.8000, '2025-10-29 04:10:15', '2025-10-29 04:32:09'),
(5415, 40, 36, 2025, 3, 0.8000, '2025-10-29 04:10:15', '2025-10-29 04:32:09'),
(5416, 40, 36, 2025, 4, 1.0000, '2025-10-29 04:10:15', '2025-10-29 04:32:09'),
(5417, 40, 36, 2025, 5, 1.0000, '2025-10-29 04:10:15', '2025-10-29 04:32:09'),
(5418, 40, 36, 2025, 6, 1.0000, '2025-10-29 04:10:15', '2025-10-29 04:32:09'),
(5419, 40, 36, 2025, 7, 1.0000, '2025-10-29 04:10:15', '2025-10-29 04:32:09'),
(5420, 40, 36, 2025, 8, 1.0000, '2025-10-29 04:10:15', '2025-10-29 04:32:09'),
(5421, 40, 36, 2025, 9, 1.0000, '2025-10-29 04:10:15', '2025-10-29 04:32:09'),
(5422, 40, 36, 2025, 10, 1.0000, '2025-10-29 04:10:15', '2025-10-29 04:32:09'),
(5423, 40, 36, 2025, 11, 1.0000, '2025-10-29 04:10:15', '2025-10-29 04:32:09'),
(5424, 40, 36, 2025, 12, 1.0000, '2025-10-29 04:10:15', '2025-10-29 04:32:09'),
(5425, 41, 29, 2025, 1, 0.9000, '2025-10-29 04:10:15', '2025-10-29 04:32:09'),
(5426, 41, 29, 2025, 2, 0.9500, '2025-10-29 04:10:15', '2025-10-29 04:32:09'),
(5427, 41, 29, 2025, 3, 1.0000, '2025-10-29 04:10:15', '2025-10-29 04:32:09'),
(5428, 41, 29, 2025, 4, 1.0000, '2025-10-29 04:10:15', '2025-10-29 04:32:09'),
(5429, 41, 29, 2025, 5, 1.0000, '2025-10-29 04:10:15', '2025-10-29 04:32:09'),
(5430, 41, 29, 2025, 6, 0.9000, '2025-10-29 04:10:15', '2025-10-29 04:32:09'),
(5431, 41, 29, 2025, 7, 1.0000, '2025-10-29 04:10:15', '2025-10-29 04:32:09'),
(5432, 41, 29, 2025, 8, 1.0000, '2025-10-29 04:10:15', '2025-10-29 04:32:09'),
(5433, 41, 29, 2025, 9, 1.0000, '2025-10-29 04:10:15', '2025-10-29 04:32:09'),
(5434, 41, 29, 2025, 10, 0.9000, '2025-10-29 04:10:15', '2025-10-29 04:32:09'),
(5435, 41, 29, 2025, 11, 1.0000, '2025-10-29 04:10:15', '2025-10-29 04:32:09'),
(5436, 41, 29, 2025, 12, 1.0000, '2025-10-29 04:10:15', '2025-10-29 04:32:09'),
(5437, 41, 30, 2025, 1, 0.9500, '2025-10-29 04:10:15', '2025-10-29 04:32:09'),
(5438, 41, 30, 2025, 2, 1.0000, '2025-10-29 04:10:15', '2025-10-29 04:32:09'),
(5439, 41, 30, 2025, 3, 0.9500, '2025-10-29 04:10:15', '2025-10-29 04:32:09'),
(5440, 41, 30, 2025, 4, 0.9000, '2025-10-29 04:10:15', '2025-10-29 04:32:09'),
(5441, 41, 30, 2025, 5, 1.0000, '2025-10-29 04:10:15', '2025-10-29 04:32:09'),
(5442, 41, 30, 2025, 6, 1.0000, '2025-10-29 04:10:15', '2025-10-29 04:32:09'),
(5443, 41, 30, 2025, 7, 1.0000, '2025-10-29 04:10:15', '2025-10-29 04:32:09'),
(5444, 41, 30, 2025, 8, 0.9500, '2025-10-29 04:10:15', '2025-10-29 04:32:09'),
(5445, 41, 30, 2025, 9, 1.0000, '2025-10-29 04:10:15', '2025-10-29 04:32:09'),
(5446, 41, 30, 2025, 10, 1.0000, '2025-10-29 04:10:15', '2025-10-29 04:32:09'),
(5447, 41, 30, 2025, 11, 0.9500, '2025-10-29 04:10:15', '2025-10-29 04:32:09'),
(5448, 41, 30, 2025, 12, 0.9000, '2025-10-29 04:10:15', '2025-10-29 04:32:09'),
(5449, 41, 31, 2025, 1, 1.0000, '2025-10-29 04:10:15', '2025-10-29 04:32:09'),
(5450, 41, 31, 2025, 2, 1.0000, '2025-10-29 04:10:15', '2025-10-29 04:32:09'),
(5451, 41, 31, 2025, 3, 1.0000, '2025-10-29 04:10:15', '2025-10-29 04:32:09'),
(5452, 41, 31, 2025, 4, 1.0000, '2025-10-29 04:10:15', '2025-10-29 04:32:09'),
(5453, 41, 31, 2025, 5, 0.7600, '2025-10-29 04:10:15', '2025-10-29 04:32:09'),
(5454, 41, 31, 2025, 6, 0.6500, '2025-10-29 04:10:15', '2025-10-29 04:32:09'),
(5455, 41, 31, 2025, 7, 0.9300, '2025-10-29 04:10:15', '2025-10-29 04:32:09'),
(5456, 41, 31, 2025, 8, 0.7900, '2025-10-29 04:10:15', '2025-10-29 04:32:09'),
(5457, 41, 31, 2025, 9, 0.8700, '2025-10-29 04:10:15', '2025-10-29 04:32:09'),
(5458, 41, 31, 2025, 10, 0.9700, '2025-10-29 04:10:15', '2025-10-29 04:32:09'),
(5459, 41, 31, 2025, 11, 1.0000, '2025-10-29 04:10:15', '2025-10-29 04:32:09'),
(5460, 41, 31, 2025, 12, 1.0000, '2025-10-29 04:10:15', '2025-10-29 04:32:09'),
(5461, 41, 32, 2025, 1, 1.0000, '2025-10-29 04:10:15', '2025-10-29 04:32:09'),
(5462, 41, 32, 2025, 2, 1.0000, '2025-10-29 04:10:15', '2025-10-29 04:32:09'),
(5463, 41, 32, 2025, 3, 1.0000, '2025-10-29 04:10:15', '2025-10-29 04:32:09'),
(5464, 41, 32, 2025, 4, 1.0000, '2025-10-29 04:10:15', '2025-10-29 04:32:09'),
(5465, 41, 32, 2025, 5, 1.0000, '2025-10-29 04:10:15', '2025-10-29 04:32:09'),
(5466, 41, 32, 2025, 6, 0.8700, '2025-10-29 04:10:15', '2025-10-29 04:32:09'),
(5467, 41, 32, 2025, 7, 0.6500, '2025-10-29 04:10:15', '2025-10-29 04:32:09'),
(5468, 41, 32, 2025, 8, 0.6500, '2025-10-29 04:10:15', '2025-10-29 04:32:09'),
(5469, 41, 32, 2025, 9, 0.8900, '2025-10-29 04:10:15', '2025-10-29 04:32:09'),
(5470, 41, 32, 2025, 10, 0.8500, '2025-10-29 04:10:15', '2025-10-29 04:32:09'),
(5471, 41, 32, 2025, 11, 1.0000, '2025-10-29 04:10:15', '2025-10-29 04:32:09'),
(5472, 41, 32, 2025, 12, 1.0000, '2025-10-29 04:10:15', '2025-10-29 04:32:09'),
(5473, 41, 33, 2025, 1, 1.0000, '2025-10-29 04:10:15', '2025-10-29 04:32:09'),
(5474, 41, 33, 2025, 2, 0.7700, '2025-10-29 04:10:15', '2025-10-29 04:32:09'),
(5475, 41, 33, 2025, 3, 0.7400, '2025-10-29 04:10:15', '2025-10-29 04:32:09'),
(5476, 41, 33, 2025, 4, 1.0000, '2025-10-29 04:10:15', '2025-10-29 04:32:09'),
(5477, 41, 33, 2025, 5, 0.9400, '2025-10-29 04:10:15', '2025-10-29 04:32:09'),
(5478, 41, 33, 2025, 6, 0.8300, '2025-10-29 04:10:15', '2025-10-29 04:32:09'),
(5479, 41, 33, 2025, 7, 0.9100, '2025-10-29 04:10:15', '2025-10-29 04:32:09'),
(5480, 41, 33, 2025, 8, 1.0000, '2025-10-29 04:10:15', '2025-10-29 04:32:09'),
(5481, 41, 33, 2025, 9, 1.0000, '2025-10-29 04:10:15', '2025-10-29 04:32:09'),
(5482, 41, 33, 2025, 10, 1.0000, '2025-10-29 04:10:15', '2025-10-29 04:32:09'),
(5483, 41, 33, 2025, 11, 1.0000, '2025-10-29 04:10:15', '2025-10-29 04:32:09'),
(5484, 41, 33, 2025, 12, 1.0000, '2025-10-29 04:10:15', '2025-10-29 04:32:09'),
(5485, 41, 34, 2025, 1, 1.0000, '2025-10-29 04:10:15', '2025-10-29 04:32:09'),
(5486, 41, 34, 2025, 2, 0.8000, '2025-10-29 04:10:15', '2025-10-29 04:32:09'),
(5487, 41, 34, 2025, 3, 0.9900, '2025-10-29 04:10:15', '2025-10-29 04:32:09'),
(5488, 41, 34, 2025, 4, 0.9100, '2025-10-29 04:10:15', '2025-10-29 04:32:09'),
(5489, 41, 34, 2025, 5, 0.8800, '2025-10-29 04:10:15', '2025-10-29 04:32:09'),
(5490, 41, 34, 2025, 6, 0.7000, '2025-10-29 04:10:15', '2025-10-29 04:32:09'),
(5491, 41, 34, 2025, 7, 0.8900, '2025-10-29 04:10:15', '2025-10-29 04:32:09'),
(5492, 41, 34, 2025, 8, 1.0000, '2025-10-29 04:10:15', '2025-10-29 04:32:09'),
(5493, 41, 34, 2025, 9, 0.9500, '2025-10-29 04:10:15', '2025-10-29 04:32:09'),
(5494, 41, 34, 2025, 10, 1.0000, '2025-10-29 04:10:15', '2025-10-29 04:32:09'),
(5495, 41, 34, 2025, 11, 0.9000, '2025-10-29 04:10:15', '2025-10-29 04:32:09'),
(5496, 41, 34, 2025, 12, 1.0000, '2025-10-29 04:10:15', '2025-10-29 04:32:09'),
(5497, 41, 35, 2025, 1, 0.9000, '2025-10-29 04:10:15', '2025-10-29 04:32:09'),
(5498, 41, 35, 2025, 2, 1.0000, '2025-10-29 04:10:15', '2025-10-29 04:32:09'),
(5499, 41, 35, 2025, 3, 1.0000, '2025-10-29 04:10:15', '2025-10-29 04:32:09'),
(5500, 41, 35, 2025, 4, 0.9500, '2025-10-29 04:10:15', '2025-10-29 04:32:09'),
(5501, 41, 35, 2025, 5, 0.9500, '2025-10-29 04:10:15', '2025-10-29 04:32:09'),
(5502, 41, 35, 2025, 6, 0.6800, '2025-10-29 04:10:15', '2025-10-29 04:32:09'),
(5503, 41, 35, 2025, 7, 0.7800, '2025-10-29 04:10:15', '2025-10-29 04:32:09'),
(5504, 41, 35, 2025, 8, 0.8200, '2025-10-29 04:10:15', '2025-10-29 04:32:09'),
(5505, 41, 35, 2025, 9, 0.9900, '2025-10-29 04:10:15', '2025-10-29 04:32:09'),
(5506, 41, 35, 2025, 10, 0.8200, '2025-10-29 04:10:15', '2025-10-29 04:32:09'),
(5507, 41, 35, 2025, 11, 0.9700, '2025-10-29 04:10:15', '2025-10-29 04:32:09'),
(5508, 41, 35, 2025, 12, 1.0000, '2025-10-29 04:10:15', '2025-10-29 04:32:09'),
(5509, 41, 36, 2025, 1, 1.0000, '2025-10-29 04:10:15', '2025-10-29 04:32:09'),
(5510, 41, 36, 2025, 2, 1.0000, '2025-10-29 04:10:15', '2025-10-29 04:32:09'),
(5511, 41, 36, 2025, 3, 0.9000, '2025-10-29 04:10:15', '2025-10-29 04:32:09'),
(5512, 41, 36, 2025, 4, 1.0000, '2025-10-29 04:10:15', '2025-10-29 04:32:09'),
(5513, 41, 36, 2025, 5, 1.0000, '2025-10-29 04:10:15', '2025-10-29 04:32:09'),
(5514, 41, 36, 2025, 6, 0.7400, '2025-10-29 04:10:15', '2025-10-29 04:32:09'),
(5515, 41, 36, 2025, 7, 0.9300, '2025-10-29 04:10:15', '2025-10-29 04:32:09'),
(5516, 41, 36, 2025, 8, 0.7400, '2025-10-29 04:10:15', '2025-10-29 04:32:09'),
(5517, 41, 36, 2025, 9, 0.9400, '2025-10-29 04:10:15', '2025-10-29 04:32:09'),
(5518, 41, 36, 2025, 10, 0.8400, '2025-10-29 04:10:15', '2025-10-29 04:32:09'),
(5519, 41, 36, 2025, 11, 0.9300, '2025-10-29 04:10:15', '2025-10-29 04:32:09'),
(5520, 41, 36, 2025, 12, 1.0000, '2025-10-29 04:10:15', '2025-10-29 04:32:09'),
(5521, 42, 29, 2025, 1, 0.9000, '2025-10-29 04:10:15', '2025-10-29 04:32:09'),
(5522, 42, 29, 2025, 2, 0.8000, '2025-10-29 04:10:15', '2025-10-29 04:32:09'),
(5523, 42, 29, 2025, 3, 0.7000, '2025-10-29 04:10:15', '2025-10-29 04:32:09'),
(5524, 42, 29, 2025, 4, 0.8000, '2025-10-29 04:10:15', '2025-10-29 04:32:09'),
(5525, 42, 29, 2025, 5, 0.7800, '2025-10-29 04:10:15', '2025-10-29 04:32:09'),
(5526, 42, 29, 2025, 6, 0.6700, '2025-10-29 04:10:15', '2025-10-29 04:32:09'),
(5527, 42, 29, 2025, 7, 0.6800, '2025-10-29 04:10:15', '2025-10-29 04:32:09'),
(5528, 42, 29, 2025, 8, 0.6500, '2025-10-29 04:10:15', '2025-10-29 04:32:09'),
(5529, 42, 29, 2025, 9, 0.7500, '2025-10-29 04:10:15', '2025-10-29 04:32:09'),
(5530, 42, 29, 2025, 10, 0.6900, '2025-10-29 04:10:15', '2025-10-29 04:32:09'),
(5531, 42, 29, 2025, 11, 1.0000, '2025-10-29 04:10:15', '2025-10-29 04:32:09'),
(5532, 42, 29, 2025, 12, 0.7400, '2025-10-29 04:10:15', '2025-10-29 04:32:09'),
(5533, 42, 30, 2025, 1, 0.7800, '2025-10-29 04:10:15', '2025-10-29 04:32:09'),
(5534, 42, 30, 2025, 2, 0.6500, '2025-10-29 04:10:15', '2025-10-29 04:32:09'),
(5535, 42, 30, 2025, 3, 0.6500, '2025-10-29 04:10:15', '2025-10-29 04:32:09'),
(5536, 42, 30, 2025, 4, 0.6500, '2025-10-29 04:10:15', '2025-10-29 04:32:09'),
(5537, 42, 30, 2025, 5, 0.7600, '2025-10-29 04:10:15', '2025-10-29 04:32:09'),
(5538, 42, 30, 2025, 6, 0.7100, '2025-10-29 04:10:15', '2025-10-29 04:32:09'),
(5539, 42, 30, 2025, 7, 0.7900, '2025-10-29 04:10:15', '2025-10-29 04:32:09'),
(5540, 42, 30, 2025, 8, 0.7100, '2025-10-29 04:10:15', '2025-10-29 04:32:09'),
(5541, 42, 30, 2025, 9, 0.8000, '2025-10-29 04:10:15', '2025-10-29 04:32:09'),
(5542, 42, 30, 2025, 10, 0.7600, '2025-10-29 04:10:15', '2025-10-29 04:32:09'),
(5543, 42, 30, 2025, 11, 0.7600, '2025-10-29 04:10:15', '2025-10-29 04:32:09'),
(5544, 42, 30, 2025, 12, 0.7100, '2025-10-29 04:10:15', '2025-10-29 04:32:09'),
(5545, 42, 31, 2025, 1, 0.9000, '2025-10-29 04:10:15', '2025-10-29 04:32:09'),
(5546, 42, 31, 2025, 2, 1.0000, '2025-10-29 04:10:15', '2025-10-29 04:32:09'),
(5547, 42, 31, 2025, 3, 0.9500, '2025-10-29 04:10:15', '2025-10-29 04:32:09'),
(5548, 42, 31, 2025, 4, 1.0000, '2025-10-29 04:10:15', '2025-10-29 04:32:09'),
(5549, 42, 31, 2025, 5, 0.7200, '2025-10-29 04:10:15', '2025-10-29 04:32:09'),
(5550, 42, 31, 2025, 6, 0.9700, '2025-10-29 04:10:15', '2025-10-29 04:32:09'),
(5551, 42, 31, 2025, 7, 0.8800, '2025-10-29 04:10:15', '2025-10-29 04:32:09'),
(5552, 42, 31, 2025, 8, 0.8500, '2025-10-29 04:10:15', '2025-10-29 04:32:09'),
(5553, 42, 31, 2025, 9, 0.8700, '2025-10-29 04:10:15', '2025-10-29 04:32:09'),
(5554, 42, 31, 2025, 10, 0.9200, '2025-10-29 04:10:15', '2025-10-29 04:32:09'),
(5555, 42, 31, 2025, 11, 1.0000, '2025-10-29 04:10:15', '2025-10-29 04:32:09'),
(5556, 42, 31, 2025, 12, 0.9500, '2025-10-29 04:10:15', '2025-10-29 04:32:09'),
(5557, 42, 32, 2025, 1, 0.9500, '2025-10-29 04:10:15', '2025-10-29 04:32:09'),
(5558, 42, 32, 2025, 2, 0.9500, '2025-10-29 04:10:15', '2025-10-29 04:32:09'),
(5559, 42, 32, 2025, 3, 1.0000, '2025-10-29 04:10:15', '2025-10-29 04:32:09'),
(5560, 42, 32, 2025, 4, 1.0000, '2025-10-29 04:10:15', '2025-10-29 04:32:09'),
(5561, 42, 32, 2025, 5, 1.0000, '2025-10-29 04:10:16', '2025-10-29 04:32:09'),
(5562, 42, 32, 2025, 6, 0.9700, '2025-10-29 04:10:16', '2025-10-29 04:32:09'),
(5563, 42, 32, 2025, 7, 0.8400, '2025-10-29 04:10:16', '2025-10-29 04:32:09'),
(5564, 42, 32, 2025, 8, 0.8700, '2025-10-29 04:10:16', '2025-10-29 04:32:09'),
(5565, 42, 32, 2025, 9, 0.9900, '2025-10-29 04:10:16', '2025-10-29 04:32:09'),
(5566, 42, 32, 2025, 10, 0.8400, '2025-10-29 04:10:16', '2025-10-29 04:32:09'),
(5567, 42, 32, 2025, 11, 1.0000, '2025-10-29 04:10:16', '2025-10-29 04:32:09'),
(5568, 42, 32, 2025, 12, 1.0000, '2025-10-29 04:10:16', '2025-10-29 04:32:09'),
(5569, 42, 33, 2025, 1, 0.7500, '2025-10-29 04:10:16', '2025-10-29 04:32:09'),
(5570, 42, 33, 2025, 2, 0.7400, '2025-10-29 04:10:16', '2025-10-29 04:32:09'),
(5571, 42, 33, 2025, 3, 0.7900, '2025-10-29 04:10:16', '2025-10-29 04:32:09'),
(5572, 42, 33, 2025, 4, 0.6700, '2025-10-29 04:10:16', '2025-10-29 04:32:09'),
(5573, 42, 33, 2025, 5, 0.7900, '2025-10-29 04:10:16', '2025-10-29 04:32:09'),
(5574, 42, 33, 2025, 6, 0.7100, '2025-10-29 04:10:16', '2025-10-29 04:32:09'),
(5575, 42, 33, 2025, 7, 0.7400, '2025-10-29 04:10:16', '2025-10-29 04:32:09'),
(5576, 42, 33, 2025, 8, 0.8000, '2025-10-29 04:10:16', '2025-10-29 04:32:09'),
(5577, 42, 33, 2025, 9, 0.7000, '2025-10-29 04:10:16', '2025-10-29 04:32:09'),
(5578, 42, 33, 2025, 10, 0.6800, '2025-10-29 04:10:16', '2025-10-29 04:32:09'),
(5579, 42, 33, 2025, 11, 1.0000, '2025-10-29 04:10:16', '2025-10-29 04:32:09'),
(5580, 42, 33, 2025, 12, 0.7700, '2025-10-29 04:10:16', '2025-10-29 04:32:09'),
(5581, 42, 34, 2025, 1, 0.7600, '2025-10-29 04:10:16', '2025-10-29 04:32:09'),
(5582, 42, 34, 2025, 2, 0.6500, '2025-10-29 04:10:16', '2025-10-29 04:32:09'),
(5583, 42, 34, 2025, 3, 0.7700, '2025-10-29 04:10:16', '2025-10-29 04:32:09'),
(5584, 42, 34, 2025, 4, 0.7500, '2025-10-29 04:10:16', '2025-10-29 04:32:09'),
(5585, 42, 34, 2025, 5, 0.7800, '2025-10-29 04:10:16', '2025-10-29 04:32:09'),
(5586, 42, 34, 2025, 6, 0.6900, '2025-10-29 04:10:16', '2025-10-29 04:32:09'),
(5587, 42, 34, 2025, 7, 0.6900, '2025-10-29 04:10:16', '2025-10-29 04:32:09'),
(5588, 42, 34, 2025, 8, 0.6900, '2025-10-29 04:10:16', '2025-10-29 04:32:09'),
(5589, 42, 34, 2025, 9, 1.0000, '2025-10-29 04:10:16', '2025-10-29 04:32:09');
INSERT INTO `kpi_nilais` (`id`, `karyawan_id`, `sub_kriteria_id`, `tahun`, `bulan`, `nilai`, `created_at`, `updated_at`) VALUES
(5590, 42, 34, 2025, 10, 0.7600, '2025-10-29 04:10:16', '2025-10-29 04:32:09'),
(5591, 42, 34, 2025, 11, 0.7300, '2025-10-29 04:10:16', '2025-10-29 04:32:09'),
(5592, 42, 34, 2025, 12, 0.8000, '2025-10-29 04:10:16', '2025-10-29 04:32:09'),
(5593, 42, 35, 2025, 1, 0.7300, '2025-10-29 04:10:16', '2025-10-29 04:32:09'),
(5594, 42, 35, 2025, 2, 0.6600, '2025-10-29 04:10:16', '2025-10-29 04:32:09'),
(5595, 42, 35, 2025, 3, 0.7800, '2025-10-29 04:10:16', '2025-10-29 04:32:09'),
(5596, 42, 35, 2025, 4, 0.6900, '2025-10-29 04:10:16', '2025-10-29 04:32:09'),
(5597, 42, 35, 2025, 5, 0.7200, '2025-10-29 04:10:16', '2025-10-29 04:32:09'),
(5598, 42, 35, 2025, 6, 0.7700, '2025-10-29 04:10:16', '2025-10-29 04:32:09'),
(5599, 42, 35, 2025, 7, 0.6600, '2025-10-29 04:10:16', '2025-10-29 04:32:09'),
(5600, 42, 35, 2025, 8, 0.6600, '2025-10-29 04:10:16', '2025-10-29 04:32:09'),
(5601, 42, 35, 2025, 9, 0.6500, '2025-10-29 04:10:16', '2025-10-29 04:32:09'),
(5602, 42, 35, 2025, 10, 0.7700, '2025-10-29 04:10:16', '2025-10-29 04:32:09'),
(5603, 42, 35, 2025, 11, 0.7000, '2025-10-29 04:10:16', '2025-10-29 04:32:09'),
(5604, 42, 35, 2025, 12, 0.7600, '2025-10-29 04:10:16', '2025-10-29 04:32:09'),
(5605, 42, 36, 2025, 1, 0.7700, '2025-10-29 04:10:16', '2025-10-29 04:32:09'),
(5606, 42, 36, 2025, 2, 0.7200, '2025-10-29 04:10:16', '2025-10-29 04:32:09'),
(5607, 42, 36, 2025, 3, 0.7200, '2025-10-29 04:10:16', '2025-10-29 04:32:09'),
(5608, 42, 36, 2025, 4, 0.6500, '2025-10-29 04:10:16', '2025-10-29 04:32:09'),
(5609, 42, 36, 2025, 5, 0.7200, '2025-10-29 04:10:16', '2025-10-29 04:32:09'),
(5610, 42, 36, 2025, 6, 0.6600, '2025-10-29 04:10:16', '2025-10-29 04:32:09'),
(5611, 42, 36, 2025, 7, 0.7000, '2025-10-29 04:10:16', '2025-10-29 04:32:09'),
(5612, 42, 36, 2025, 8, 0.6800, '2025-10-29 04:10:16', '2025-10-29 04:32:09'),
(5613, 42, 36, 2025, 9, 0.7000, '2025-10-29 04:10:16', '2025-10-29 04:32:09'),
(5614, 42, 36, 2025, 10, 0.7400, '2025-10-29 04:10:16', '2025-10-29 04:32:09'),
(5615, 42, 36, 2025, 11, 0.7000, '2025-10-29 04:10:16', '2025-10-29 04:32:09'),
(5616, 42, 36, 2025, 12, 0.6700, '2025-10-29 04:10:16', '2025-10-29 04:32:09'),
(5617, 43, 29, 2025, 1, 1.0000, '2025-10-29 04:10:16', '2025-10-29 04:32:09'),
(5618, 43, 29, 2025, 2, 1.0000, '2025-10-29 04:10:16', '2025-10-29 04:32:09'),
(5619, 43, 29, 2025, 3, 1.0000, '2025-10-29 04:10:16', '2025-10-29 04:32:09'),
(5620, 43, 29, 2025, 4, 1.0000, '2025-10-29 04:10:16', '2025-10-29 04:32:09'),
(5621, 43, 29, 2025, 5, 1.0000, '2025-10-29 04:10:16', '2025-10-29 04:32:09'),
(5622, 43, 29, 2025, 6, 1.0000, '2025-10-29 04:10:16', '2025-10-29 04:32:09'),
(5623, 43, 29, 2025, 7, 1.0000, '2025-10-29 04:10:16', '2025-10-29 04:32:09'),
(5624, 43, 29, 2025, 8, 1.0000, '2025-10-29 04:10:16', '2025-10-29 04:32:09'),
(5625, 43, 29, 2025, 9, 1.0000, '2025-10-29 04:10:16', '2025-10-29 04:32:09'),
(5626, 43, 29, 2025, 10, 1.0000, '2025-10-29 04:10:16', '2025-10-29 04:32:09'),
(5627, 43, 29, 2025, 11, 1.0000, '2025-10-29 04:10:16', '2025-10-29 04:32:09'),
(5628, 43, 29, 2025, 12, 1.0000, '2025-10-29 04:10:16', '2025-10-29 04:32:09'),
(5629, 43, 30, 2025, 1, 1.0000, '2025-10-29 04:10:16', '2025-10-29 04:32:09'),
(5630, 43, 30, 2025, 2, 1.0000, '2025-10-29 04:10:16', '2025-10-29 04:32:09'),
(5631, 43, 30, 2025, 3, 0.9500, '2025-10-29 04:10:16', '2025-10-29 04:32:09'),
(5632, 43, 30, 2025, 4, 1.0000, '2025-10-29 04:10:16', '2025-10-29 04:32:09'),
(5633, 43, 30, 2025, 5, 1.0000, '2025-10-29 04:10:16', '2025-10-29 04:32:09'),
(5634, 43, 30, 2025, 6, 1.0000, '2025-10-29 04:10:16', '2025-10-29 04:32:09'),
(5635, 43, 30, 2025, 7, 1.0000, '2025-10-29 04:10:16', '2025-10-29 04:32:09'),
(5636, 43, 30, 2025, 8, 1.0000, '2025-10-29 04:10:16', '2025-10-29 04:32:09'),
(5637, 43, 30, 2025, 9, 1.0000, '2025-10-29 04:10:16', '2025-10-29 04:32:09'),
(5638, 43, 30, 2025, 10, 1.0000, '2025-10-29 04:10:16', '2025-10-29 04:32:09'),
(5639, 43, 30, 2025, 11, 1.0000, '2025-10-29 04:10:16', '2025-10-29 04:32:09'),
(5640, 43, 30, 2025, 12, 1.0000, '2025-10-29 04:10:16', '2025-10-29 04:32:09'),
(5641, 43, 31, 2025, 1, 1.0000, '2025-10-29 04:10:16', '2025-10-29 04:32:09'),
(5642, 43, 31, 2025, 2, 1.0000, '2025-10-29 04:10:16', '2025-10-29 04:32:09'),
(5643, 43, 31, 2025, 3, 1.0000, '2025-10-29 04:10:16', '2025-10-29 04:32:09'),
(5644, 43, 31, 2025, 4, 1.0000, '2025-10-29 04:10:16', '2025-10-29 04:32:09'),
(5645, 43, 31, 2025, 5, 0.9100, '2025-10-29 04:10:16', '2025-10-29 04:32:09'),
(5646, 43, 31, 2025, 6, 0.9600, '2025-10-29 04:10:16', '2025-10-29 04:32:09'),
(5647, 43, 31, 2025, 7, 0.8500, '2025-10-29 04:10:16', '2025-10-29 04:32:09'),
(5648, 43, 31, 2025, 8, 0.9200, '2025-10-29 04:10:16', '2025-10-29 04:32:09'),
(5649, 43, 31, 2025, 9, 0.7500, '2025-10-29 04:10:16', '2025-10-29 04:32:09'),
(5650, 43, 31, 2025, 10, 0.9900, '2025-10-29 04:10:16', '2025-10-29 04:32:09'),
(5651, 43, 31, 2025, 11, 1.0000, '2025-10-29 04:10:16', '2025-10-29 04:32:09'),
(5652, 43, 31, 2025, 12, 1.0000, '2025-10-29 04:10:16', '2025-10-29 04:32:09'),
(5653, 43, 32, 2025, 1, 1.0000, '2025-10-29 04:10:16', '2025-10-29 04:32:09'),
(5654, 43, 32, 2025, 2, 1.0000, '2025-10-29 04:10:16', '2025-10-29 04:32:09'),
(5655, 43, 32, 2025, 3, 1.0000, '2025-10-29 04:10:16', '2025-10-29 04:32:09'),
(5656, 43, 32, 2025, 4, 1.0000, '2025-10-29 04:10:16', '2025-10-29 04:32:09'),
(5657, 43, 32, 2025, 5, 0.6500, '2025-10-29 04:10:16', '2025-10-29 04:32:09'),
(5658, 43, 32, 2025, 6, 0.8800, '2025-10-29 04:10:16', '2025-10-29 04:32:09'),
(5659, 43, 32, 2025, 7, 0.9400, '2025-10-29 04:10:16', '2025-10-29 04:32:09'),
(5660, 43, 32, 2025, 8, 0.6700, '2025-10-29 04:10:16', '2025-10-29 04:32:09'),
(5661, 43, 32, 2025, 9, 0.8600, '2025-10-29 04:10:16', '2025-10-29 04:32:09'),
(5662, 43, 32, 2025, 10, 0.6800, '2025-10-29 04:10:16', '2025-10-29 04:32:09'),
(5663, 43, 32, 2025, 11, 1.0000, '2025-10-29 04:10:16', '2025-10-29 04:32:09'),
(5664, 43, 32, 2025, 12, 1.0000, '2025-10-29 04:10:16', '2025-10-29 04:32:09'),
(5665, 43, 33, 2025, 1, 1.0000, '2025-10-29 04:10:16', '2025-10-29 04:32:09'),
(5666, 43, 33, 2025, 2, 1.0000, '2025-10-29 04:10:16', '2025-10-29 04:32:09'),
(5667, 43, 33, 2025, 3, 1.0000, '2025-10-29 04:10:16', '2025-10-29 04:32:09'),
(5668, 43, 33, 2025, 4, 1.0000, '2025-10-29 04:10:16', '2025-10-29 04:32:09'),
(5669, 43, 33, 2025, 5, 1.0000, '2025-10-29 04:10:16', '2025-10-29 04:32:09'),
(5670, 43, 33, 2025, 6, 1.0000, '2025-10-29 04:10:16', '2025-10-29 04:32:09'),
(5671, 43, 33, 2025, 7, 1.0000, '2025-10-29 04:10:16', '2025-10-29 04:32:09'),
(5672, 43, 33, 2025, 8, 1.0000, '2025-10-29 04:10:16', '2025-10-29 04:32:09'),
(5673, 43, 33, 2025, 9, 1.0000, '2025-10-29 04:10:16', '2025-10-29 04:32:09'),
(5674, 43, 33, 2025, 10, 1.0000, '2025-10-29 04:10:16', '2025-10-29 04:32:09'),
(5675, 43, 33, 2025, 11, 1.0000, '2025-10-29 04:10:16', '2025-10-29 04:32:09'),
(5676, 43, 33, 2025, 12, 1.0000, '2025-10-29 04:10:16', '2025-10-29 04:32:09'),
(5677, 43, 34, 2025, 1, 1.0000, '2025-10-29 04:10:16', '2025-10-29 04:32:09'),
(5678, 43, 34, 2025, 2, 1.0000, '2025-10-29 04:10:16', '2025-10-29 04:32:09'),
(5679, 43, 34, 2025, 3, 1.0000, '2025-10-29 04:10:16', '2025-10-29 04:32:09'),
(5680, 43, 34, 2025, 4, 1.0000, '2025-10-29 04:10:16', '2025-10-29 04:32:09'),
(5681, 43, 34, 2025, 5, 1.0000, '2025-10-29 04:10:16', '2025-10-29 04:32:09'),
(5682, 43, 34, 2025, 6, 1.0000, '2025-10-29 04:10:16', '2025-10-29 04:32:09'),
(5683, 43, 34, 2025, 7, 1.0000, '2025-10-29 04:10:16', '2025-10-29 04:32:09'),
(5684, 43, 34, 2025, 8, 1.0000, '2025-10-29 04:10:16', '2025-10-29 04:32:09'),
(5685, 43, 34, 2025, 9, 1.0000, '2025-10-29 04:10:16', '2025-10-29 04:32:09'),
(5686, 43, 34, 2025, 10, 1.0000, '2025-10-29 04:10:16', '2025-10-29 04:32:09'),
(5687, 43, 34, 2025, 11, 1.0000, '2025-10-29 04:10:16', '2025-10-29 04:32:09'),
(5688, 43, 34, 2025, 12, 1.0000, '2025-10-29 04:10:16', '2025-10-29 04:32:09'),
(5689, 43, 35, 2025, 1, 1.0000, '2025-10-29 04:10:16', '2025-10-29 04:32:09'),
(5690, 43, 35, 2025, 2, 1.0000, '2025-10-29 04:10:16', '2025-10-29 04:32:09'),
(5691, 43, 35, 2025, 3, 0.9000, '2025-10-29 04:10:16', '2025-10-29 04:32:09'),
(5692, 43, 35, 2025, 4, 0.9500, '2025-10-29 04:10:16', '2025-10-29 04:32:09'),
(5693, 43, 35, 2025, 5, 0.9500, '2025-10-29 04:10:16', '2025-10-29 04:32:09'),
(5694, 43, 35, 2025, 6, 1.0000, '2025-10-29 04:10:16', '2025-10-29 04:32:09'),
(5695, 43, 35, 2025, 7, 0.9000, '2025-10-29 04:10:16', '2025-10-29 04:32:09'),
(5696, 43, 35, 2025, 8, 1.0000, '2025-10-29 04:10:16', '2025-10-29 04:32:09'),
(5697, 43, 35, 2025, 9, 1.0000, '2025-10-29 04:10:16', '2025-10-29 04:32:09'),
(5698, 43, 35, 2025, 10, 0.9900, '2025-10-29 04:10:16', '2025-10-29 04:32:09'),
(5699, 43, 35, 2025, 11, 1.0000, '2025-10-29 04:10:16', '2025-10-29 04:32:09'),
(5700, 43, 35, 2025, 12, 0.9000, '2025-10-29 04:10:16', '2025-10-29 04:32:09'),
(5701, 43, 36, 2025, 1, 1.0000, '2025-10-29 04:10:16', '2025-10-29 04:32:09'),
(5702, 43, 36, 2025, 2, 1.0000, '2025-10-29 04:10:16', '2025-10-29 04:32:09'),
(5703, 43, 36, 2025, 3, 1.0000, '2025-10-29 04:10:16', '2025-10-29 04:32:09'),
(5704, 43, 36, 2025, 4, 1.0000, '2025-10-29 04:10:16', '2025-10-29 04:32:09'),
(5705, 43, 36, 2025, 5, 1.0000, '2025-10-29 04:10:16', '2025-10-29 04:32:09'),
(5706, 43, 36, 2025, 6, 1.0000, '2025-10-29 04:10:16', '2025-10-29 04:32:09'),
(5707, 43, 36, 2025, 7, 1.0000, '2025-10-29 04:10:16', '2025-10-29 04:32:09'),
(5708, 43, 36, 2025, 8, 1.0000, '2025-10-29 04:10:16', '2025-10-29 04:32:09'),
(5709, 43, 36, 2025, 9, 0.9500, '2025-10-29 04:10:16', '2025-10-29 04:32:09'),
(5710, 43, 36, 2025, 10, 1.0000, '2025-10-29 04:10:16', '2025-10-29 04:32:09'),
(5711, 43, 36, 2025, 11, 1.0000, '2025-10-29 04:10:16', '2025-10-29 04:32:09'),
(5712, 43, 36, 2025, 12, 1.0000, '2025-10-29 04:10:16', '2025-10-29 04:32:09'),
(5713, 44, 29, 2025, 1, 1.0000, '2025-10-29 04:10:16', '2025-10-29 04:32:09'),
(5714, 44, 29, 2025, 2, 1.0000, '2025-10-29 04:10:16', '2025-10-29 04:32:09'),
(5715, 44, 29, 2025, 3, 0.9500, '2025-10-29 04:10:16', '2025-10-29 04:32:09'),
(5716, 44, 29, 2025, 4, 1.0000, '2025-10-29 04:10:16', '2025-10-29 04:32:09'),
(5717, 44, 29, 2025, 5, 0.8900, '2025-10-29 04:10:16', '2025-10-29 04:32:09'),
(5718, 44, 29, 2025, 6, 0.9500, '2025-10-29 04:10:16', '2025-10-29 04:32:09'),
(5719, 44, 29, 2025, 7, 0.7400, '2025-10-29 04:10:16', '2025-10-29 04:32:09'),
(5720, 44, 29, 2025, 8, 0.8600, '2025-10-29 04:10:16', '2025-10-29 04:32:09'),
(5721, 44, 29, 2025, 9, 0.9600, '2025-10-29 04:10:16', '2025-10-29 04:32:09'),
(5722, 44, 29, 2025, 10, 0.9500, '2025-10-29 04:10:16', '2025-10-29 04:32:09'),
(5723, 44, 29, 2025, 11, 1.0000, '2025-10-29 04:10:16', '2025-10-29 04:32:09'),
(5724, 44, 29, 2025, 12, 0.9500, '2025-10-29 04:10:16', '2025-10-29 04:32:09'),
(5725, 44, 30, 2025, 1, 0.9500, '2025-10-29 04:10:16', '2025-10-29 04:32:09'),
(5726, 44, 30, 2025, 2, 1.0000, '2025-10-29 04:10:16', '2025-10-29 04:32:09'),
(5727, 44, 30, 2025, 3, 1.0000, '2025-10-29 04:10:16', '2025-10-29 04:32:09'),
(5728, 44, 30, 2025, 4, 0.9500, '2025-10-29 04:10:16', '2025-10-29 04:32:09'),
(5729, 44, 30, 2025, 5, 0.9300, '2025-10-29 04:10:16', '2025-10-29 04:32:09'),
(5730, 44, 30, 2025, 6, 0.7700, '2025-10-29 04:10:16', '2025-10-29 04:32:09'),
(5731, 44, 30, 2025, 7, 0.6800, '2025-10-29 04:10:16', '2025-10-29 04:32:09'),
(5732, 44, 30, 2025, 8, 0.9200, '2025-10-29 04:10:16', '2025-10-29 04:32:09'),
(5733, 44, 30, 2025, 9, 0.9900, '2025-10-29 04:10:16', '2025-10-29 04:32:09'),
(5734, 44, 30, 2025, 10, 0.7800, '2025-10-29 04:10:16', '2025-10-29 04:32:09'),
(5735, 44, 30, 2025, 11, 1.0000, '2025-10-29 04:10:16', '2025-10-29 04:32:09'),
(5736, 44, 30, 2025, 12, 1.0000, '2025-10-29 04:10:16', '2025-10-29 04:32:09'),
(5737, 44, 31, 2025, 1, 0.9300, '2025-10-29 04:10:16', '2025-10-29 04:32:09'),
(5738, 44, 31, 2025, 2, 0.7600, '2025-10-29 04:10:16', '2025-10-29 04:32:09'),
(5739, 44, 31, 2025, 3, 0.8500, '2025-10-29 04:10:16', '2025-10-29 04:32:09'),
(5740, 44, 31, 2025, 4, 0.7700, '2025-10-29 04:10:16', '2025-10-29 04:32:09'),
(5741, 44, 31, 2025, 5, 0.6800, '2025-10-29 04:10:16', '2025-10-29 04:32:09'),
(5742, 44, 31, 2025, 6, 0.8500, '2025-10-29 04:10:16', '2025-10-29 04:32:09'),
(5743, 44, 31, 2025, 7, 0.6800, '2025-10-29 04:10:16', '2025-10-29 04:32:09'),
(5744, 44, 31, 2025, 8, 0.6600, '2025-10-29 04:10:16', '2025-10-29 04:32:09'),
(5745, 44, 31, 2025, 9, 0.8400, '2025-10-29 04:10:16', '2025-10-29 04:32:09'),
(5746, 44, 31, 2025, 10, 0.7800, '2025-10-29 04:10:16', '2025-10-29 04:32:09'),
(5747, 44, 31, 2025, 11, 0.6800, '2025-10-29 04:10:16', '2025-10-29 04:32:09'),
(5748, 44, 31, 2025, 12, 0.6900, '2025-10-29 04:10:16', '2025-10-29 04:32:09'),
(5749, 44, 32, 2025, 1, 1.0000, '2025-10-29 04:10:16', '2025-10-29 04:32:09'),
(5750, 44, 32, 2025, 2, 0.9200, '2025-10-29 04:10:16', '2025-10-29 04:32:09'),
(5751, 44, 32, 2025, 3, 0.8400, '2025-10-29 04:10:16', '2025-10-29 04:32:09'),
(5752, 44, 32, 2025, 4, 0.7400, '2025-10-29 04:10:16', '2025-10-29 04:32:09'),
(5753, 44, 32, 2025, 5, 0.7600, '2025-10-29 04:10:16', '2025-10-29 04:32:09'),
(5754, 44, 32, 2025, 6, 0.7900, '2025-10-29 04:10:16', '2025-10-29 04:32:09'),
(5755, 44, 32, 2025, 7, 0.9600, '2025-10-29 04:10:16', '2025-10-29 04:32:09'),
(5756, 44, 32, 2025, 8, 0.7500, '2025-10-29 04:10:16', '2025-10-29 04:32:09'),
(5757, 44, 32, 2025, 9, 0.7400, '2025-10-29 04:10:16', '2025-10-29 04:32:09'),
(5758, 44, 32, 2025, 10, 0.8900, '2025-10-29 04:10:16', '2025-10-29 04:32:09'),
(5759, 44, 32, 2025, 11, 0.6600, '2025-10-29 04:10:16', '2025-10-29 04:32:09'),
(5760, 44, 32, 2025, 12, 0.9400, '2025-10-29 04:10:16', '2025-10-29 04:32:09'),
(5761, 44, 33, 2025, 1, 0.6500, '2025-10-29 04:10:16', '2025-10-29 04:32:09'),
(5762, 44, 33, 2025, 2, 0.6500, '2025-10-29 04:10:16', '2025-10-29 04:32:09'),
(5763, 44, 33, 2025, 3, 0.6800, '2025-10-29 04:10:16', '2025-10-29 04:32:09'),
(5764, 44, 33, 2025, 4, 0.8000, '2025-10-29 04:10:16', '2025-10-29 04:32:09'),
(5765, 44, 33, 2025, 5, 0.9200, '2025-10-29 04:10:16', '2025-10-29 04:32:09'),
(5766, 44, 33, 2025, 6, 0.8600, '2025-10-29 04:10:16', '2025-10-29 04:32:09'),
(5767, 44, 33, 2025, 7, 0.7200, '2025-10-29 04:10:16', '2025-10-29 04:32:09'),
(5768, 44, 33, 2025, 8, 0.7900, '2025-10-29 04:10:16', '2025-10-29 04:32:09'),
(5769, 44, 33, 2025, 9, 0.8900, '2025-10-29 04:10:16', '2025-10-29 04:32:09'),
(5770, 44, 33, 2025, 10, 0.9600, '2025-10-29 04:10:16', '2025-10-29 04:32:09'),
(5771, 44, 33, 2025, 11, 0.8200, '2025-10-29 04:10:16', '2025-10-29 04:32:09'),
(5772, 44, 33, 2025, 12, 0.7000, '2025-10-29 04:10:16', '2025-10-29 04:32:09'),
(5773, 44, 34, 2025, 1, 0.8400, '2025-10-29 04:10:16', '2025-10-29 04:32:09'),
(5774, 44, 34, 2025, 2, 1.0000, '2025-10-29 04:10:16', '2025-10-29 04:32:09'),
(5775, 44, 34, 2025, 3, 0.9600, '2025-10-29 04:10:16', '2025-10-29 04:32:09'),
(5776, 44, 34, 2025, 4, 0.9800, '2025-10-29 04:10:16', '2025-10-29 04:32:09'),
(5777, 44, 34, 2025, 5, 0.9300, '2025-10-29 04:10:16', '2025-10-29 04:32:09'),
(5778, 44, 34, 2025, 6, 0.8000, '2025-10-29 04:10:16', '2025-10-29 04:32:09'),
(5779, 44, 34, 2025, 7, 0.7200, '2025-10-29 04:10:16', '2025-10-29 04:32:09'),
(5780, 44, 34, 2025, 8, 0.9200, '2025-10-29 04:10:16', '2025-10-29 04:32:09'),
(5781, 44, 34, 2025, 9, 0.9900, '2025-10-29 04:10:16', '2025-10-29 04:32:09'),
(5782, 44, 34, 2025, 10, 0.9100, '2025-10-29 04:10:16', '2025-10-29 04:32:09'),
(5783, 44, 34, 2025, 11, 0.7300, '2025-10-29 04:10:16', '2025-10-29 04:32:09'),
(5784, 44, 34, 2025, 12, 0.9300, '2025-10-29 04:10:16', '2025-10-29 04:32:09'),
(5785, 44, 35, 2025, 1, 1.0000, '2025-10-29 04:10:16', '2025-10-29 04:32:09'),
(5786, 44, 35, 2025, 2, 0.9000, '2025-10-29 04:10:16', '2025-10-29 04:32:09'),
(5787, 44, 35, 2025, 3, 1.0000, '2025-10-29 04:10:16', '2025-10-29 04:32:09'),
(5788, 44, 35, 2025, 4, 1.0000, '2025-10-29 04:10:16', '2025-10-29 04:32:09'),
(5789, 44, 35, 2025, 5, 0.9500, '2025-10-29 04:10:16', '2025-10-29 04:32:09'),
(5790, 44, 35, 2025, 6, 1.0000, '2025-10-29 04:10:16', '2025-10-29 04:32:09'),
(5791, 44, 35, 2025, 7, 1.0000, '2025-10-29 04:10:16', '2025-10-29 04:32:09'),
(5792, 44, 35, 2025, 8, 1.0000, '2025-10-29 04:10:16', '2025-10-29 04:32:09'),
(5793, 44, 35, 2025, 9, 0.9000, '2025-10-29 04:10:16', '2025-10-29 04:32:09'),
(5794, 44, 35, 2025, 10, 1.0000, '2025-10-29 04:10:16', '2025-10-29 04:32:09'),
(5795, 44, 35, 2025, 11, 1.0000, '2025-10-29 04:10:16', '2025-10-29 04:32:09'),
(5796, 44, 35, 2025, 12, 1.0000, '2025-10-29 04:10:16', '2025-10-29 04:32:09'),
(5797, 44, 36, 2025, 1, 0.9000, '2025-10-29 04:10:16', '2025-10-29 04:32:09'),
(5798, 44, 36, 2025, 2, 1.0000, '2025-10-29 04:10:16', '2025-10-29 04:32:09'),
(5799, 44, 36, 2025, 3, 1.0000, '2025-10-29 04:10:16', '2025-10-29 04:32:09'),
(5800, 44, 36, 2025, 4, 1.0000, '2025-10-29 04:10:16', '2025-10-29 04:32:09'),
(5801, 44, 36, 2025, 5, 1.0000, '2025-10-29 04:10:16', '2025-10-29 04:32:09'),
(5802, 44, 36, 2025, 6, 1.0000, '2025-10-29 04:10:16', '2025-10-29 04:32:09'),
(5803, 44, 36, 2025, 7, 0.9000, '2025-10-29 04:10:16', '2025-10-29 04:32:09'),
(5804, 44, 36, 2025, 8, 1.0000, '2025-10-29 04:10:16', '2025-10-29 04:32:09'),
(5805, 44, 36, 2025, 9, 1.0000, '2025-10-29 04:10:16', '2025-10-29 04:32:09'),
(5806, 44, 36, 2025, 10, 0.9500, '2025-10-29 04:10:16', '2025-10-29 04:32:09'),
(5807, 44, 36, 2025, 11, 1.0000, '2025-10-29 04:10:16', '2025-10-29 04:32:09'),
(5808, 44, 36, 2025, 12, 1.0000, '2025-10-29 04:10:16', '2025-10-29 04:32:09'),
(5809, 45, 29, 2025, 1, 0.9000, '2025-10-29 04:10:16', '2025-10-29 04:32:09'),
(5810, 45, 29, 2025, 2, 0.7600, '2025-10-29 04:10:16', '2025-10-29 04:32:09'),
(5811, 45, 29, 2025, 3, 0.8700, '2025-10-29 04:10:16', '2025-10-29 04:32:09'),
(5812, 45, 29, 2025, 4, 0.7400, '2025-10-29 04:10:16', '2025-10-29 04:32:09'),
(5813, 45, 29, 2025, 5, 0.6600, '2025-10-29 04:10:16', '2025-10-29 04:32:09'),
(5814, 45, 29, 2025, 6, 0.8400, '2025-10-29 04:10:16', '2025-10-29 04:32:09'),
(5815, 45, 29, 2025, 7, 0.7900, '2025-10-29 04:10:16', '2025-10-29 04:32:09'),
(5816, 45, 29, 2025, 8, 0.8300, '2025-10-29 04:10:16', '2025-10-29 04:32:09'),
(5817, 45, 29, 2025, 9, 0.7000, '2025-10-29 04:10:16', '2025-10-29 04:32:09'),
(5818, 45, 29, 2025, 10, 0.6900, '2025-10-29 04:10:16', '2025-10-29 04:32:09'),
(5819, 45, 29, 2025, 11, 0.7500, '2025-10-29 04:10:16', '2025-10-29 04:32:09'),
(5820, 45, 29, 2025, 12, 0.8400, '2025-10-29 04:10:16', '2025-10-29 04:32:09'),
(5821, 45, 30, 2025, 1, 0.9900, '2025-10-29 04:10:16', '2025-10-29 04:32:09'),
(5822, 45, 30, 2025, 2, 0.8600, '2025-10-29 04:10:16', '2025-10-29 04:32:09'),
(5823, 45, 30, 2025, 3, 0.9800, '2025-10-29 04:10:16', '2025-10-29 04:32:09'),
(5824, 45, 30, 2025, 4, 0.8900, '2025-10-29 04:10:16', '2025-10-29 04:32:09'),
(5825, 45, 30, 2025, 5, 0.9600, '2025-10-29 04:10:16', '2025-10-29 04:32:09'),
(5826, 45, 30, 2025, 6, 0.8200, '2025-10-29 04:10:16', '2025-10-29 04:32:09'),
(5827, 45, 30, 2025, 7, 0.7400, '2025-10-29 04:10:16', '2025-10-29 04:32:09'),
(5828, 45, 30, 2025, 8, 0.6500, '2025-10-29 04:10:16', '2025-10-29 04:32:09'),
(5829, 45, 30, 2025, 9, 0.9800, '2025-10-29 04:10:16', '2025-10-29 04:32:09'),
(5830, 45, 30, 2025, 10, 0.8700, '2025-10-29 04:10:16', '2025-10-29 04:32:09'),
(5831, 45, 30, 2025, 11, 0.8900, '2025-10-29 04:10:16', '2025-10-29 04:32:09'),
(5832, 45, 30, 2025, 12, 0.9000, '2025-10-29 04:10:16', '2025-10-29 04:32:09'),
(5833, 45, 31, 2025, 1, 1.0000, '2025-10-29 04:10:16', '2025-10-29 04:32:09'),
(5834, 45, 31, 2025, 2, 1.0000, '2025-10-29 04:10:16', '2025-10-29 04:32:09'),
(5835, 45, 31, 2025, 3, 1.0000, '2025-10-29 04:10:16', '2025-10-29 04:32:09'),
(5836, 45, 31, 2025, 4, 1.0000, '2025-10-29 04:10:16', '2025-10-29 04:32:09'),
(5837, 45, 31, 2025, 5, 1.0000, '2025-10-29 04:10:16', '2025-10-29 04:32:09'),
(5838, 45, 31, 2025, 6, 1.0000, '2025-10-29 04:10:16', '2025-10-29 04:32:09'),
(5839, 45, 31, 2025, 7, 1.0000, '2025-10-29 04:10:16', '2025-10-29 04:32:09'),
(5840, 45, 31, 2025, 8, 1.0000, '2025-10-29 04:10:16', '2025-10-29 04:32:09'),
(5841, 45, 31, 2025, 9, 0.9000, '2025-10-29 04:10:16', '2025-10-29 04:32:09'),
(5842, 45, 31, 2025, 10, 1.0000, '2025-10-29 04:10:16', '2025-10-29 04:32:09'),
(5843, 45, 31, 2025, 11, 1.0000, '2025-10-29 04:10:16', '2025-10-29 04:32:09'),
(5844, 45, 31, 2025, 12, 1.0000, '2025-10-29 04:10:16', '2025-10-29 04:32:09'),
(5845, 45, 32, 2025, 1, 1.0000, '2025-10-29 04:10:16', '2025-10-29 04:32:09'),
(5846, 45, 32, 2025, 2, 1.0000, '2025-10-29 04:10:16', '2025-10-29 04:32:09'),
(5847, 45, 32, 2025, 3, 1.0000, '2025-10-29 04:10:16', '2025-10-29 04:32:09'),
(5848, 45, 32, 2025, 4, 1.0000, '2025-10-29 04:10:16', '2025-10-29 04:32:09'),
(5849, 45, 32, 2025, 5, 1.0000, '2025-10-29 04:10:16', '2025-10-29 04:32:09'),
(5850, 45, 32, 2025, 6, 0.9000, '2025-10-29 04:10:16', '2025-10-29 04:32:09'),
(5851, 45, 32, 2025, 7, 1.0000, '2025-10-29 04:10:16', '2025-10-29 04:32:09'),
(5852, 45, 32, 2025, 8, 1.0000, '2025-10-29 04:10:16', '2025-10-29 04:32:09'),
(5853, 45, 32, 2025, 9, 1.0000, '2025-10-29 04:10:16', '2025-10-29 04:32:09'),
(5854, 45, 32, 2025, 10, 1.0000, '2025-10-29 04:10:16', '2025-10-29 04:32:09'),
(5855, 45, 32, 2025, 11, 1.0000, '2025-10-29 04:10:16', '2025-10-29 04:32:09'),
(5856, 45, 32, 2025, 12, 1.0000, '2025-10-29 04:10:16', '2025-10-29 04:32:09'),
(5857, 45, 33, 2025, 1, 1.0000, '2025-10-29 04:10:16', '2025-10-29 04:32:09'),
(5858, 45, 33, 2025, 2, 1.0000, '2025-10-29 04:10:16', '2025-10-29 04:32:09'),
(5859, 45, 33, 2025, 3, 1.0000, '2025-10-29 04:10:16', '2025-10-29 04:32:09'),
(5860, 45, 33, 2025, 4, 0.9600, '2025-10-29 04:10:16', '2025-10-29 04:32:09'),
(5861, 45, 33, 2025, 5, 0.7400, '2025-10-29 04:10:16', '2025-10-29 04:32:09'),
(5862, 45, 33, 2025, 6, 0.8800, '2025-10-29 04:10:16', '2025-10-29 04:32:09'),
(5863, 45, 33, 2025, 7, 0.7300, '2025-10-29 04:10:16', '2025-10-29 04:32:09'),
(5864, 45, 33, 2025, 8, 0.8200, '2025-10-29 04:10:16', '2025-10-29 04:32:09'),
(5865, 45, 33, 2025, 9, 0.8900, '2025-10-29 04:10:16', '2025-10-29 04:32:09'),
(5866, 45, 33, 2025, 10, 1.0000, '2025-10-29 04:10:16', '2025-10-29 04:32:09'),
(5867, 45, 33, 2025, 11, 1.0000, '2025-10-29 04:10:16', '2025-10-29 04:32:09'),
(5868, 45, 33, 2025, 12, 1.0000, '2025-10-29 04:10:16', '2025-10-29 04:32:09'),
(5869, 45, 34, 2025, 1, 1.0000, '2025-10-29 04:10:16', '2025-10-29 04:32:09'),
(5870, 45, 34, 2025, 2, 1.0000, '2025-10-29 04:10:16', '2025-10-29 04:32:09'),
(5871, 45, 34, 2025, 3, 1.0000, '2025-10-29 04:10:16', '2025-10-29 04:32:09'),
(5872, 45, 34, 2025, 4, 0.7800, '2025-10-29 04:10:16', '2025-10-29 04:32:09'),
(5873, 45, 34, 2025, 5, 0.8200, '2025-10-29 04:10:16', '2025-10-29 04:32:09'),
(5874, 45, 34, 2025, 6, 0.9000, '2025-10-29 04:10:16', '2025-10-29 04:32:09'),
(5875, 45, 34, 2025, 7, 0.6700, '2025-10-29 04:10:16', '2025-10-29 04:32:09'),
(5876, 45, 34, 2025, 8, 0.8700, '2025-10-29 04:10:16', '2025-10-29 04:32:09'),
(5877, 45, 34, 2025, 9, 0.8300, '2025-10-29 04:10:16', '2025-10-29 04:32:09'),
(5878, 45, 34, 2025, 10, 1.0000, '2025-10-29 04:10:16', '2025-10-29 04:32:09'),
(5879, 45, 34, 2025, 11, 1.0000, '2025-10-29 04:10:16', '2025-10-29 04:32:09'),
(5880, 45, 34, 2025, 12, 1.0000, '2025-10-29 04:10:16', '2025-10-29 04:32:09'),
(5881, 45, 35, 2025, 1, 0.8700, '2025-10-29 04:10:16', '2025-10-29 04:32:09'),
(5882, 45, 35, 2025, 2, 0.8000, '2025-10-29 04:10:16', '2025-10-29 04:32:09'),
(5883, 45, 35, 2025, 3, 0.8100, '2025-10-29 04:10:16', '2025-10-29 04:32:09'),
(5884, 45, 35, 2025, 4, 0.9700, '2025-10-29 04:10:16', '2025-10-29 04:32:09'),
(5885, 45, 35, 2025, 5, 0.7500, '2025-10-29 04:10:16', '2025-10-29 04:32:09'),
(5886, 45, 35, 2025, 6, 0.7800, '2025-10-29 04:10:16', '2025-10-29 04:32:09'),
(5887, 45, 35, 2025, 7, 0.6600, '2025-10-29 04:10:16', '2025-10-29 04:32:09'),
(5888, 45, 35, 2025, 8, 0.8500, '2025-10-29 04:10:16', '2025-10-29 04:32:09'),
(5889, 45, 35, 2025, 9, 0.7100, '2025-10-29 04:10:16', '2025-10-29 04:32:09'),
(5890, 45, 35, 2025, 10, 0.6600, '2025-10-29 04:10:16', '2025-10-29 04:32:09'),
(5891, 45, 35, 2025, 11, 0.9700, '2025-10-29 04:10:16', '2025-10-29 04:32:09'),
(5892, 45, 35, 2025, 12, 0.9800, '2025-10-29 04:10:16', '2025-10-29 04:32:09'),
(5893, 45, 36, 2025, 1, 0.7900, '2025-10-29 04:10:16', '2025-10-29 04:32:09'),
(5894, 45, 36, 2025, 2, 0.7500, '2025-10-29 04:10:16', '2025-10-29 04:32:09'),
(5895, 45, 36, 2025, 3, 0.8600, '2025-10-29 04:10:16', '2025-10-29 04:32:09'),
(5896, 45, 36, 2025, 4, 0.8200, '2025-10-29 04:10:16', '2025-10-29 04:32:09'),
(5897, 45, 36, 2025, 5, 0.9100, '2025-10-29 04:10:16', '2025-10-29 04:32:09'),
(5898, 45, 36, 2025, 6, 0.9600, '2025-10-29 04:10:16', '2025-10-29 04:32:09'),
(5899, 45, 36, 2025, 7, 0.8900, '2025-10-29 04:10:16', '2025-10-29 04:32:09'),
(5900, 45, 36, 2025, 8, 0.6900, '2025-10-29 04:10:16', '2025-10-29 04:32:09'),
(5901, 45, 36, 2025, 9, 0.9200, '2025-10-29 04:10:16', '2025-10-29 04:32:09'),
(5902, 45, 36, 2025, 10, 0.8800, '2025-10-29 04:10:16', '2025-10-29 04:32:09'),
(5903, 45, 36, 2025, 11, 0.9400, '2025-10-29 04:10:16', '2025-10-29 04:32:09'),
(5904, 45, 36, 2025, 12, 0.6700, '2025-10-29 04:10:16', '2025-10-29 04:32:09'),
(5905, 51, 29, 2025, 1, 1.0000, '2025-10-29 04:10:16', '2025-10-29 04:10:16'),
(5906, 51, 29, 2025, 2, 0.7600, '2025-10-29 04:10:16', '2025-10-29 04:10:16'),
(5907, 51, 29, 2025, 3, 0.7600, '2025-10-29 04:10:16', '2025-10-29 04:10:16'),
(5908, 51, 29, 2025, 4, 0.8400, '2025-10-29 04:10:16', '2025-10-29 04:10:16'),
(5909, 51, 29, 2025, 5, 0.9900, '2025-10-29 04:10:16', '2025-10-29 04:10:16'),
(5910, 51, 29, 2025, 6, 0.8600, '2025-10-29 04:10:16', '2025-10-29 04:10:16'),
(5911, 51, 29, 2025, 7, 0.8900, '2025-10-29 04:10:16', '2025-10-29 04:10:16'),
(5912, 51, 29, 2025, 8, 1.0000, '2025-10-29 04:10:16', '2025-10-29 04:10:16'),
(5913, 51, 29, 2025, 9, 0.8900, '2025-10-29 04:10:16', '2025-10-29 04:10:16'),
(5914, 51, 29, 2025, 10, 1.0000, '2025-10-29 04:10:16', '2025-10-29 04:10:16'),
(5915, 51, 29, 2025, 11, 1.0000, '2025-10-29 04:10:16', '2025-10-29 04:10:16'),
(5916, 51, 29, 2025, 12, 1.0000, '2025-10-29 04:10:16', '2025-10-29 04:10:16'),
(5917, 51, 30, 2025, 1, 1.0000, '2025-10-29 04:10:16', '2025-10-29 04:10:16'),
(5918, 51, 30, 2025, 2, 0.7400, '2025-10-29 04:10:16', '2025-10-29 04:10:16'),
(5919, 51, 30, 2025, 3, 0.9100, '2025-10-29 04:10:16', '2025-10-29 04:10:16'),
(5920, 51, 30, 2025, 4, 0.6900, '2025-10-29 04:10:16', '2025-10-29 04:10:16'),
(5921, 51, 30, 2025, 5, 0.8100, '2025-10-29 04:10:16', '2025-10-29 04:10:16'),
(5922, 51, 30, 2025, 6, 0.8800, '2025-10-29 04:10:16', '2025-10-29 04:10:16'),
(5923, 51, 30, 2025, 7, 0.6700, '2025-10-29 04:10:16', '2025-10-29 04:10:16'),
(5924, 51, 30, 2025, 8, 1.0000, '2025-10-29 04:10:16', '2025-10-29 04:10:16'),
(5925, 51, 30, 2025, 9, 1.0000, '2025-10-29 04:10:16', '2025-10-29 04:10:16'),
(5926, 51, 30, 2025, 10, 1.0000, '2025-10-29 04:10:16', '2025-10-29 04:10:16'),
(5927, 51, 30, 2025, 11, 1.0000, '2025-10-29 04:10:16', '2025-10-29 04:10:16'),
(5928, 51, 30, 2025, 12, 1.0000, '2025-10-29 04:10:16', '2025-10-29 04:10:16'),
(5929, 51, 31, 2025, 1, 1.0000, '2025-10-29 04:10:16', '2025-10-29 04:10:16'),
(5930, 51, 31, 2025, 2, 1.0000, '2025-10-29 04:10:16', '2025-10-29 04:10:16'),
(5931, 51, 31, 2025, 3, 1.0000, '2025-10-29 04:10:16', '2025-10-29 04:10:16'),
(5932, 51, 31, 2025, 4, 1.0000, '2025-10-29 04:10:16', '2025-10-29 04:10:16'),
(5933, 51, 31, 2025, 5, 0.8000, '2025-10-29 04:10:16', '2025-10-29 04:10:16'),
(5934, 51, 31, 2025, 6, 0.6500, '2025-10-29 04:10:16', '2025-10-29 04:10:16'),
(5935, 51, 31, 2025, 7, 0.6600, '2025-10-29 04:10:16', '2025-10-29 04:10:16'),
(5936, 51, 31, 2025, 8, 0.8400, '2025-10-29 04:10:16', '2025-10-29 04:10:16'),
(5937, 51, 31, 2025, 9, 0.7400, '2025-10-29 04:10:16', '2025-10-29 04:10:16'),
(5938, 51, 31, 2025, 10, 0.8000, '2025-10-29 04:10:16', '2025-10-29 04:10:16'),
(5939, 51, 31, 2025, 11, 1.0000, '2025-10-29 04:10:16', '2025-10-29 04:10:16'),
(5940, 51, 31, 2025, 12, 1.0000, '2025-10-29 04:10:16', '2025-10-29 04:10:16'),
(5941, 51, 32, 2025, 1, 1.0000, '2025-10-29 04:10:16', '2025-10-29 04:10:16'),
(5942, 51, 32, 2025, 2, 1.0000, '2025-10-29 04:10:16', '2025-10-29 04:10:16'),
(5943, 51, 32, 2025, 3, 1.0000, '2025-10-29 04:10:16', '2025-10-29 04:10:16'),
(5944, 51, 32, 2025, 4, 1.0000, '2025-10-29 04:10:16', '2025-10-29 04:10:16'),
(5945, 51, 32, 2025, 5, 0.6800, '2025-10-29 04:10:16', '2025-10-29 04:10:16'),
(5946, 51, 32, 2025, 6, 0.7500, '2025-10-29 04:10:16', '2025-10-29 04:10:16'),
(5947, 51, 32, 2025, 7, 0.7900, '2025-10-29 04:10:16', '2025-10-29 04:10:16'),
(5948, 51, 32, 2025, 8, 0.7000, '2025-10-29 04:10:16', '2025-10-29 04:10:16'),
(5949, 51, 32, 2025, 9, 0.9900, '2025-10-29 04:10:16', '2025-10-29 04:10:16'),
(5950, 51, 32, 2025, 10, 0.8200, '2025-10-29 04:10:16', '2025-10-29 04:10:16'),
(5951, 51, 32, 2025, 11, 1.0000, '2025-10-29 04:10:16', '2025-10-29 04:10:16'),
(5952, 51, 32, 2025, 12, 1.0000, '2025-10-29 04:10:16', '2025-10-29 04:10:16'),
(5953, 51, 33, 2025, 1, 1.0000, '2025-10-29 04:10:16', '2025-10-29 04:10:16'),
(5954, 51, 33, 2025, 2, 1.0000, '2025-10-29 04:10:16', '2025-10-29 04:10:16'),
(5955, 51, 33, 2025, 3, 1.0000, '2025-10-29 04:10:16', '2025-10-29 04:10:16'),
(5956, 51, 33, 2025, 4, 1.0000, '2025-10-29 04:10:16', '2025-10-29 04:10:16'),
(5957, 51, 33, 2025, 5, 0.9900, '2025-10-29 04:10:16', '2025-10-29 04:10:16'),
(5958, 51, 33, 2025, 6, 1.0000, '2025-10-29 04:10:16', '2025-10-29 04:10:16'),
(5959, 51, 33, 2025, 7, 0.9700, '2025-10-29 04:10:16', '2025-10-29 04:10:16'),
(5960, 51, 33, 2025, 8, 1.0000, '2025-10-29 04:10:16', '2025-10-29 04:10:16'),
(5961, 51, 33, 2025, 9, 1.0000, '2025-10-29 04:10:16', '2025-10-29 04:10:16'),
(5962, 51, 33, 2025, 10, 1.0000, '2025-10-29 04:10:16', '2025-10-29 04:10:16'),
(5963, 51, 33, 2025, 11, 1.0000, '2025-10-29 04:10:16', '2025-10-29 04:10:16'),
(5964, 51, 33, 2025, 12, 1.0000, '2025-10-29 04:10:16', '2025-10-29 04:10:16'),
(5965, 51, 34, 2025, 1, 1.0000, '2025-10-29 04:10:16', '2025-10-29 04:10:16'),
(5966, 51, 34, 2025, 2, 1.0000, '2025-10-29 04:10:16', '2025-10-29 04:10:16'),
(5967, 51, 34, 2025, 3, 1.0000, '2025-10-29 04:10:16', '2025-10-29 04:10:16'),
(5968, 51, 34, 2025, 4, 1.0000, '2025-10-29 04:10:16', '2025-10-29 04:10:16'),
(5969, 51, 34, 2025, 5, 1.0000, '2025-10-29 04:10:16', '2025-10-29 04:10:16'),
(5970, 51, 34, 2025, 6, 1.0000, '2025-10-29 04:10:16', '2025-10-29 04:10:16'),
(5971, 51, 34, 2025, 7, 1.0000, '2025-10-29 04:10:16', '2025-10-29 04:10:16'),
(5972, 51, 34, 2025, 8, 1.0000, '2025-10-29 04:10:16', '2025-10-29 04:10:16'),
(5973, 51, 34, 2025, 9, 1.0000, '2025-10-29 04:10:16', '2025-10-29 04:10:16'),
(5974, 51, 34, 2025, 10, 1.0000, '2025-10-29 04:10:16', '2025-10-29 04:10:16'),
(5975, 51, 34, 2025, 11, 1.0000, '2025-10-29 04:10:16', '2025-10-29 04:10:16'),
(5976, 51, 34, 2025, 12, 1.0000, '2025-10-29 04:10:16', '2025-10-29 04:10:16'),
(5977, 51, 35, 2025, 1, 0.7900, '2025-10-29 04:10:16', '2025-10-29 04:10:16'),
(5978, 51, 35, 2025, 2, 0.9000, '2025-10-29 04:10:16', '2025-10-29 04:10:16'),
(5979, 51, 35, 2025, 3, 0.7500, '2025-10-29 04:10:16', '2025-10-29 04:10:16'),
(5980, 51, 35, 2025, 4, 0.9100, '2025-10-29 04:10:16', '2025-10-29 04:10:16'),
(5981, 51, 35, 2025, 5, 0.7600, '2025-10-29 04:10:16', '2025-10-29 04:10:16'),
(5982, 51, 35, 2025, 6, 0.9500, '2025-10-29 04:10:16', '2025-10-29 04:10:16'),
(5983, 51, 35, 2025, 7, 0.9000, '2025-10-29 04:10:16', '2025-10-29 04:10:16'),
(5984, 51, 35, 2025, 8, 1.0000, '2025-10-29 04:10:16', '2025-10-29 04:10:16'),
(5985, 51, 35, 2025, 9, 0.8000, '2025-10-29 04:10:16', '2025-10-29 04:10:16'),
(5986, 51, 35, 2025, 10, 0.9900, '2025-10-29 04:10:16', '2025-10-29 04:10:16'),
(5987, 51, 35, 2025, 11, 1.0000, '2025-10-29 04:10:16', '2025-10-29 04:10:16'),
(5988, 51, 35, 2025, 12, 1.0000, '2025-10-29 04:10:16', '2025-10-29 04:10:16'),
(5989, 51, 36, 2025, 1, 0.9300, '2025-10-29 04:10:16', '2025-10-29 04:10:16'),
(5990, 51, 36, 2025, 2, 0.8800, '2025-10-29 04:10:16', '2025-10-29 04:10:16'),
(5991, 51, 36, 2025, 3, 0.7000, '2025-10-29 04:10:16', '2025-10-29 04:10:16'),
(5992, 51, 36, 2025, 4, 0.7700, '2025-10-29 04:10:16', '2025-10-29 04:10:16'),
(5993, 51, 36, 2025, 5, 0.8000, '2025-10-29 04:10:16', '2025-10-29 04:10:16'),
(5994, 51, 36, 2025, 6, 0.6500, '2025-10-29 04:10:16', '2025-10-29 04:10:16'),
(5995, 51, 36, 2025, 7, 1.0000, '2025-10-29 04:10:16', '2025-10-29 04:10:16'),
(5996, 51, 36, 2025, 8, 0.9500, '2025-10-29 04:10:16', '2025-10-29 04:10:16'),
(5997, 51, 36, 2025, 9, 1.0000, '2025-10-29 04:10:16', '2025-10-29 04:10:16'),
(5998, 51, 36, 2025, 10, 1.0000, '2025-10-29 04:10:16', '2025-10-29 04:10:16'),
(5999, 51, 36, 2025, 11, 1.0000, '2025-10-29 04:10:16', '2025-10-29 04:10:16'),
(6000, 51, 36, 2025, 12, 0.8000, '2025-10-29 04:10:16', '2025-10-29 04:10:16'),
(6001, 52, 37, 2025, 1, 0.9000, '2025-10-29 04:10:16', '2025-10-29 04:32:09'),
(6002, 52, 37, 2025, 2, 0.8000, '2025-10-29 04:10:16', '2025-10-29 04:32:09'),
(6003, 52, 37, 2025, 3, 0.7700, '2025-10-29 04:10:16', '2025-10-29 04:32:09'),
(6004, 52, 37, 2025, 4, 0.8500, '2025-10-29 04:10:16', '2025-10-29 04:32:09'),
(6005, 52, 37, 2025, 5, 0.7100, '2025-10-29 04:10:16', '2025-10-29 04:32:09'),
(6006, 52, 37, 2025, 6, 0.7600, '2025-10-29 04:10:16', '2025-10-29 04:32:09'),
(6007, 52, 37, 2025, 7, 0.7300, '2025-10-29 04:10:16', '2025-10-29 04:32:09'),
(6008, 52, 37, 2025, 8, 1.0000, '2025-10-29 04:10:16', '2025-10-29 04:32:09'),
(6009, 52, 37, 2025, 9, 1.0000, '2025-10-29 04:10:16', '2025-10-29 04:32:09'),
(6010, 52, 37, 2025, 10, 1.0000, '2025-10-29 04:10:16', '2025-10-29 04:32:09'),
(6011, 52, 37, 2025, 11, 1.0000, '2025-10-29 04:10:16', '2025-10-29 04:32:09'),
(6012, 52, 37, 2025, 12, 1.0000, '2025-10-29 04:10:16', '2025-10-29 04:32:09'),
(6013, 52, 38, 2025, 1, 1.0000, '2025-10-29 04:10:16', '2025-10-29 04:32:09'),
(6014, 52, 38, 2025, 2, 0.8100, '2025-10-29 04:10:16', '2025-10-29 04:32:09'),
(6015, 52, 38, 2025, 3, 0.7000, '2025-10-29 04:10:16', '2025-10-29 04:32:09'),
(6016, 52, 38, 2025, 4, 0.9400, '2025-10-29 04:10:16', '2025-10-29 04:32:09'),
(6017, 52, 38, 2025, 5, 0.7500, '2025-10-29 04:10:16', '2025-10-29 04:32:09'),
(6018, 52, 38, 2025, 6, 0.9700, '2025-10-29 04:10:16', '2025-10-29 04:32:09'),
(6019, 52, 38, 2025, 7, 0.9100, '2025-10-29 04:10:16', '2025-10-29 04:32:09'),
(6020, 52, 38, 2025, 8, 1.0000, '2025-10-29 04:10:16', '2025-10-29 04:32:09'),
(6021, 52, 38, 2025, 9, 1.0000, '2025-10-29 04:10:16', '2025-10-29 04:32:09'),
(6022, 52, 38, 2025, 10, 1.0000, '2025-10-29 04:10:16', '2025-10-29 04:32:09'),
(6023, 52, 38, 2025, 11, 1.0000, '2025-10-29 04:10:16', '2025-10-29 04:32:09'),
(6024, 52, 38, 2025, 12, 1.0000, '2025-10-29 04:10:16', '2025-10-29 04:32:09'),
(6025, 52, 39, 2025, 1, 1.0000, '2025-10-29 04:10:16', '2025-10-29 04:32:09'),
(6026, 52, 39, 2025, 2, 1.0000, '2025-10-29 04:10:16', '2025-10-29 04:32:09'),
(6027, 52, 39, 2025, 3, 1.0000, '2025-10-29 04:10:16', '2025-10-29 04:32:09'),
(6028, 52, 39, 2025, 4, 1.0000, '2025-10-29 04:10:16', '2025-10-29 04:32:09'),
(6029, 52, 39, 2025, 5, 1.0000, '2025-10-29 04:10:16', '2025-10-29 04:32:09'),
(6030, 52, 39, 2025, 6, 1.0000, '2025-10-29 04:10:16', '2025-10-29 04:32:09'),
(6031, 52, 39, 2025, 7, 1.0000, '2025-10-29 04:10:16', '2025-10-29 04:32:09'),
(6032, 52, 39, 2025, 8, 1.0000, '2025-10-29 04:10:16', '2025-10-29 04:32:09'),
(6033, 52, 39, 2025, 9, 1.0000, '2025-10-29 04:10:16', '2025-10-29 04:32:09'),
(6034, 52, 39, 2025, 10, 1.0000, '2025-10-29 04:10:16', '2025-10-29 04:32:09'),
(6035, 52, 39, 2025, 11, 1.0000, '2025-10-29 04:10:16', '2025-10-29 04:32:09'),
(6036, 52, 39, 2025, 12, 1.0000, '2025-10-29 04:10:16', '2025-10-29 04:32:09'),
(6037, 52, 40, 2025, 1, 1.0000, '2025-10-29 04:10:16', '2025-10-29 04:32:09'),
(6038, 52, 40, 2025, 2, 0.9000, '2025-10-29 04:10:16', '2025-10-29 04:32:09'),
(6039, 52, 40, 2025, 3, 1.0000, '2025-10-29 04:10:16', '2025-10-29 04:32:09'),
(6040, 52, 40, 2025, 4, 1.0000, '2025-10-29 04:10:16', '2025-10-29 04:32:09'),
(6041, 52, 40, 2025, 5, 1.0000, '2025-10-29 04:10:16', '2025-10-29 04:32:09'),
(6042, 52, 40, 2025, 6, 1.0000, '2025-10-29 04:10:16', '2025-10-29 04:32:09'),
(6043, 52, 40, 2025, 7, 1.0000, '2025-10-29 04:10:16', '2025-10-29 04:32:09'),
(6044, 52, 40, 2025, 8, 1.0000, '2025-10-29 04:10:16', '2025-10-29 04:32:09'),
(6045, 52, 40, 2025, 9, 1.0000, '2025-10-29 04:10:16', '2025-10-29 04:32:09'),
(6046, 52, 40, 2025, 10, 0.9000, '2025-10-29 04:10:16', '2025-10-29 04:32:09'),
(6047, 52, 40, 2025, 11, 1.0000, '2025-10-29 04:10:16', '2025-10-29 04:32:09'),
(6048, 52, 40, 2025, 12, 0.9000, '2025-10-29 04:10:16', '2025-10-29 04:32:09'),
(6049, 52, 41, 2025, 1, 0.9300, '2025-10-29 04:10:16', '2025-10-29 04:32:09'),
(6050, 52, 41, 2025, 2, 0.8800, '2025-10-29 04:10:16', '2025-10-29 04:32:09'),
(6051, 52, 41, 2025, 3, 0.6700, '2025-10-29 04:10:16', '2025-10-29 04:32:09'),
(6052, 52, 41, 2025, 4, 0.6700, '2025-10-29 04:10:16', '2025-10-29 04:32:09'),
(6053, 52, 41, 2025, 5, 0.8500, '2025-10-29 04:10:16', '2025-10-29 04:32:09'),
(6054, 52, 41, 2025, 6, 0.9800, '2025-10-29 04:10:16', '2025-10-29 04:32:09'),
(6055, 52, 41, 2025, 7, 1.0000, '2025-10-29 04:10:16', '2025-10-29 04:32:09'),
(6056, 52, 41, 2025, 8, 1.0000, '2025-10-29 04:10:16', '2025-10-29 04:32:09'),
(6057, 52, 41, 2025, 9, 1.0000, '2025-10-29 04:10:16', '2025-10-29 04:32:09'),
(6058, 52, 41, 2025, 10, 1.0000, '2025-10-29 04:10:16', '2025-10-29 04:32:09'),
(6059, 52, 41, 2025, 11, 1.0000, '2025-10-29 04:10:16', '2025-10-29 04:32:09'),
(6060, 52, 41, 2025, 12, 0.9500, '2025-10-29 04:10:16', '2025-10-29 04:32:09'),
(6061, 52, 42, 2025, 1, 0.9800, '2025-10-29 04:10:16', '2025-10-29 04:32:09'),
(6062, 52, 42, 2025, 2, 0.7500, '2025-10-29 04:10:16', '2025-10-29 04:32:09'),
(6063, 52, 42, 2025, 3, 0.8300, '2025-10-29 04:10:16', '2025-10-29 04:32:09'),
(6064, 52, 42, 2025, 4, 0.7600, '2025-10-29 04:10:16', '2025-10-29 04:32:09'),
(6065, 52, 42, 2025, 5, 0.8000, '2025-10-29 04:10:16', '2025-10-29 04:32:09'),
(6066, 52, 42, 2025, 6, 0.7900, '2025-10-29 04:10:16', '2025-10-29 04:32:09'),
(6067, 52, 42, 2025, 7, 1.0000, '2025-10-29 04:10:16', '2025-10-29 04:32:09'),
(6068, 52, 42, 2025, 8, 1.0000, '2025-10-29 04:10:16', '2025-10-29 04:32:09'),
(6069, 52, 42, 2025, 9, 0.9000, '2025-10-29 04:10:16', '2025-10-29 04:32:09'),
(6070, 52, 42, 2025, 10, 1.0000, '2025-10-29 04:10:16', '2025-10-29 04:32:09'),
(6071, 52, 42, 2025, 11, 1.0000, '2025-10-29 04:10:16', '2025-10-29 04:32:09'),
(6072, 52, 42, 2025, 12, 1.0000, '2025-10-29 04:10:16', '2025-10-29 04:32:09'),
(6073, 52, 43, 2025, 1, 1.0000, '2025-10-29 04:10:16', '2025-10-29 04:32:09'),
(6074, 52, 43, 2025, 2, 1.0000, '2025-10-29 04:10:16', '2025-10-29 04:32:09'),
(6075, 52, 43, 2025, 3, 0.9000, '2025-10-29 04:10:16', '2025-10-29 04:32:09'),
(6076, 52, 43, 2025, 4, 0.9200, '2025-10-29 04:10:16', '2025-10-29 04:32:09'),
(6077, 52, 43, 2025, 5, 1.0000, '2025-10-29 04:10:16', '2025-10-29 04:32:09'),
(6078, 52, 43, 2025, 6, 0.7100, '2025-10-29 04:10:16', '2025-10-29 04:32:09'),
(6079, 52, 43, 2025, 7, 0.6500, '2025-10-29 04:10:16', '2025-10-29 04:32:09'),
(6080, 52, 43, 2025, 8, 0.8400, '2025-10-29 04:10:16', '2025-10-29 04:32:09'),
(6081, 52, 43, 2025, 9, 0.7400, '2025-10-29 04:10:16', '2025-10-29 04:32:09'),
(6082, 52, 43, 2025, 10, 1.0000, '2025-10-29 04:10:16', '2025-10-29 04:32:09'),
(6083, 52, 43, 2025, 11, 1.0000, '2025-10-29 04:10:16', '2025-10-29 04:32:09'),
(6084, 52, 43, 2025, 12, 0.9000, '2025-10-29 04:10:16', '2025-10-29 04:32:09'),
(6085, 52, 44, 2025, 1, 0.9500, '2025-10-29 04:10:16', '2025-10-29 04:32:09'),
(6086, 52, 44, 2025, 2, 1.0000, '2025-10-29 04:10:16', '2025-10-29 04:32:09'),
(6087, 52, 44, 2025, 3, 1.0000, '2025-10-29 04:10:16', '2025-10-29 04:32:09'),
(6088, 52, 44, 2025, 4, 0.8800, '2025-10-29 04:10:16', '2025-10-29 04:32:09'),
(6089, 52, 44, 2025, 5, 0.8500, '2025-10-29 04:10:16', '2025-10-29 04:32:09'),
(6090, 52, 44, 2025, 6, 0.9300, '2025-10-29 04:10:16', '2025-10-29 04:32:09'),
(6091, 52, 44, 2025, 7, 0.7900, '2025-10-29 04:10:16', '2025-10-29 04:32:09'),
(6092, 52, 44, 2025, 8, 0.8900, '2025-10-29 04:10:16', '2025-10-29 04:32:09'),
(6093, 52, 44, 2025, 9, 0.8300, '2025-10-29 04:10:16', '2025-10-29 04:32:09'),
(6094, 52, 44, 2025, 10, 0.9500, '2025-10-29 04:10:16', '2025-10-29 04:32:09'),
(6095, 52, 44, 2025, 11, 1.0000, '2025-10-29 04:10:16', '2025-10-29 04:32:09'),
(6096, 52, 44, 2025, 12, 1.0000, '2025-10-29 04:10:16', '2025-10-29 04:32:09'),
(6097, 53, 37, 2025, 1, 0.9000, '2025-10-29 04:10:16', '2025-10-29 04:32:09'),
(6098, 53, 37, 2025, 2, 1.0000, '2025-10-29 04:10:16', '2025-10-29 04:32:09'),
(6099, 53, 37, 2025, 3, 1.0000, '2025-10-29 04:10:16', '2025-10-29 04:32:09'),
(6100, 53, 37, 2025, 4, 1.0000, '2025-10-29 04:10:16', '2025-10-29 04:32:09'),
(6101, 53, 37, 2025, 5, 1.0000, '2025-10-29 04:10:16', '2025-10-29 04:32:09'),
(6102, 53, 37, 2025, 6, 1.0000, '2025-10-29 04:10:16', '2025-10-29 04:32:09'),
(6103, 53, 37, 2025, 7, 1.0000, '2025-10-29 04:10:16', '2025-10-29 04:32:09'),
(6104, 53, 37, 2025, 8, 1.0000, '2025-10-29 04:10:16', '2025-10-29 04:32:09'),
(6105, 53, 37, 2025, 9, 1.0000, '2025-10-29 04:10:16', '2025-10-29 04:32:09'),
(6106, 53, 37, 2025, 10, 1.0000, '2025-10-29 04:10:16', '2025-10-29 04:32:09'),
(6107, 53, 37, 2025, 11, 1.0000, '2025-10-29 04:10:16', '2025-10-29 04:32:09'),
(6108, 53, 37, 2025, 12, 1.0000, '2025-10-29 04:10:16', '2025-10-29 04:32:09'),
(6109, 53, 38, 2025, 1, 1.0000, '2025-10-29 04:10:16', '2025-10-29 04:32:09'),
(6110, 53, 38, 2025, 2, 1.0000, '2025-10-29 04:10:16', '2025-10-29 04:32:09'),
(6111, 53, 38, 2025, 3, 0.9500, '2025-10-29 04:10:16', '2025-10-29 04:32:09'),
(6112, 53, 38, 2025, 4, 1.0000, '2025-10-29 04:10:16', '2025-10-29 04:32:09'),
(6113, 53, 38, 2025, 5, 1.0000, '2025-10-29 04:10:16', '2025-10-29 04:32:09'),
(6114, 53, 38, 2025, 6, 1.0000, '2025-10-29 04:10:16', '2025-10-29 04:32:09'),
(6115, 53, 38, 2025, 7, 1.0000, '2025-10-29 04:10:16', '2025-10-29 04:32:09'),
(6116, 53, 38, 2025, 8, 1.0000, '2025-10-29 04:10:16', '2025-10-29 04:32:09'),
(6117, 53, 38, 2025, 9, 1.0000, '2025-10-29 04:10:16', '2025-10-29 04:32:09'),
(6118, 53, 38, 2025, 10, 1.0000, '2025-10-29 04:10:16', '2025-10-29 04:32:09'),
(6119, 53, 38, 2025, 11, 1.0000, '2025-10-29 04:10:16', '2025-10-29 04:32:09'),
(6120, 53, 38, 2025, 12, 1.0000, '2025-10-29 04:10:16', '2025-10-29 04:32:09'),
(6121, 53, 39, 2025, 1, 1.0000, '2025-10-29 04:10:16', '2025-10-29 04:32:09'),
(6122, 53, 39, 2025, 2, 1.0000, '2025-10-29 04:10:16', '2025-10-29 04:32:09'),
(6123, 53, 39, 2025, 3, 1.0000, '2025-10-29 04:10:16', '2025-10-29 04:32:09'),
(6124, 53, 39, 2025, 4, 1.0000, '2025-10-29 04:10:16', '2025-10-29 04:32:09'),
(6125, 53, 39, 2025, 5, 1.0000, '2025-10-29 04:10:16', '2025-10-29 04:32:09'),
(6126, 53, 39, 2025, 6, 1.0000, '2025-10-29 04:10:16', '2025-10-29 04:32:09'),
(6127, 53, 39, 2025, 7, 1.0000, '2025-10-29 04:10:16', '2025-10-29 04:32:09'),
(6128, 53, 39, 2025, 8, 1.0000, '2025-10-29 04:10:16', '2025-10-29 04:32:09'),
(6129, 53, 39, 2025, 9, 1.0000, '2025-10-29 04:10:16', '2025-10-29 04:32:09'),
(6130, 53, 39, 2025, 10, 1.0000, '2025-10-29 04:10:16', '2025-10-29 04:32:09'),
(6131, 53, 39, 2025, 11, 1.0000, '2025-10-29 04:10:16', '2025-10-29 04:32:09'),
(6132, 53, 39, 2025, 12, 1.0000, '2025-10-29 04:10:16', '2025-10-29 04:32:09'),
(6133, 53, 40, 2025, 1, 1.0000, '2025-10-29 04:10:16', '2025-10-29 04:32:09'),
(6134, 53, 40, 2025, 2, 0.9000, '2025-10-29 04:10:16', '2025-10-29 04:32:09'),
(6135, 53, 40, 2025, 3, 1.0000, '2025-10-29 04:10:16', '2025-10-29 04:32:09'),
(6136, 53, 40, 2025, 4, 1.0000, '2025-10-29 04:10:16', '2025-10-29 04:32:09'),
(6137, 53, 40, 2025, 5, 1.0000, '2025-10-29 04:10:16', '2025-10-29 04:32:09'),
(6138, 53, 40, 2025, 6, 1.0000, '2025-10-29 04:10:16', '2025-10-29 04:32:09'),
(6139, 53, 40, 2025, 7, 0.9000, '2025-10-29 04:10:16', '2025-10-29 04:32:09'),
(6140, 53, 40, 2025, 8, 1.0000, '2025-10-29 04:10:16', '2025-10-29 04:32:09'),
(6141, 53, 40, 2025, 9, 1.0000, '2025-10-29 04:10:16', '2025-10-29 04:32:09'),
(6142, 53, 40, 2025, 10, 0.9000, '2025-10-29 04:10:16', '2025-10-29 04:32:09'),
(6143, 53, 40, 2025, 11, 1.0000, '2025-10-29 04:10:16', '2025-10-29 04:32:09'),
(6144, 53, 40, 2025, 12, 0.9000, '2025-10-29 04:10:16', '2025-10-29 04:32:09'),
(6145, 53, 41, 2025, 1, 1.0000, '2025-10-29 04:10:16', '2025-10-29 04:32:09'),
(6146, 53, 41, 2025, 2, 1.0000, '2025-10-29 04:10:16', '2025-10-29 04:32:09'),
(6147, 53, 41, 2025, 3, 1.0000, '2025-10-29 04:10:16', '2025-10-29 04:32:09'),
(6148, 53, 41, 2025, 4, 1.0000, '2025-10-29 04:10:16', '2025-10-29 04:32:09'),
(6149, 53, 41, 2025, 5, 1.0000, '2025-10-29 04:10:16', '2025-10-29 04:32:09'),
(6150, 53, 41, 2025, 6, 1.0000, '2025-10-29 04:10:16', '2025-10-29 04:32:09'),
(6151, 53, 41, 2025, 7, 1.0000, '2025-10-29 04:10:16', '2025-10-29 04:32:09'),
(6152, 53, 41, 2025, 8, 1.0000, '2025-10-29 04:10:16', '2025-10-29 04:32:09'),
(6153, 53, 41, 2025, 9, 1.0000, '2025-10-29 04:10:16', '2025-10-29 04:32:09'),
(6154, 53, 41, 2025, 10, 1.0000, '2025-10-29 04:10:16', '2025-10-29 04:32:09'),
(6155, 53, 41, 2025, 11, 1.0000, '2025-10-29 04:10:16', '2025-10-29 04:32:09'),
(6156, 53, 41, 2025, 12, 1.0000, '2025-10-29 04:10:16', '2025-10-29 04:32:09'),
(6157, 53, 42, 2025, 1, 1.0000, '2025-10-29 04:10:16', '2025-10-29 04:32:09'),
(6158, 53, 42, 2025, 2, 1.0000, '2025-10-29 04:10:16', '2025-10-29 04:32:09'),
(6159, 53, 42, 2025, 3, 0.9500, '2025-10-29 04:10:16', '2025-10-29 04:32:09'),
(6160, 53, 42, 2025, 4, 1.0000, '2025-10-29 04:10:16', '2025-10-29 04:32:09'),
(6161, 53, 42, 2025, 5, 1.0000, '2025-10-29 04:10:16', '2025-10-29 04:32:09'),
(6162, 53, 42, 2025, 6, 1.0000, '2025-10-29 04:10:16', '2025-10-29 04:32:09'),
(6163, 53, 42, 2025, 7, 0.9500, '2025-10-29 04:10:16', '2025-10-29 04:32:09'),
(6164, 53, 42, 2025, 8, 1.0000, '2025-10-29 04:10:16', '2025-10-29 04:32:09'),
(6165, 53, 42, 2025, 9, 0.9000, '2025-10-29 04:10:16', '2025-10-29 04:32:09'),
(6166, 53, 42, 2025, 10, 1.0000, '2025-10-29 04:10:16', '2025-10-29 04:32:09'),
(6167, 53, 42, 2025, 11, 1.0000, '2025-10-29 04:10:16', '2025-10-29 04:32:09'),
(6168, 53, 42, 2025, 12, 1.0000, '2025-10-29 04:10:16', '2025-10-29 04:32:09'),
(6169, 53, 43, 2025, 1, 1.0000, '2025-10-29 04:10:16', '2025-10-29 04:32:09'),
(6170, 53, 43, 2025, 2, 1.0000, '2025-10-29 04:10:16', '2025-10-29 04:32:09'),
(6171, 53, 43, 2025, 3, 0.9000, '2025-10-29 04:10:16', '2025-10-29 04:32:09'),
(6172, 53, 43, 2025, 4, 0.9500, '2025-10-29 04:10:16', '2025-10-29 04:32:09'),
(6173, 53, 43, 2025, 5, 0.9500, '2025-10-29 04:10:16', '2025-10-29 04:32:09'),
(6174, 53, 43, 2025, 6, 1.0000, '2025-10-29 04:10:16', '2025-10-29 04:32:09'),
(6175, 53, 43, 2025, 7, 0.9000, '2025-10-29 04:10:16', '2025-10-29 04:32:09'),
(6176, 53, 43, 2025, 8, 1.0000, '2025-10-29 04:10:16', '2025-10-29 04:32:09'),
(6177, 53, 43, 2025, 9, 1.0000, '2025-10-29 04:10:16', '2025-10-29 04:32:09'),
(6178, 53, 43, 2025, 10, 1.0000, '2025-10-29 04:10:16', '2025-10-29 04:32:09'),
(6179, 53, 43, 2025, 11, 1.0000, '2025-10-29 04:10:16', '2025-10-29 04:32:09'),
(6180, 53, 43, 2025, 12, 0.9000, '2025-10-29 04:10:16', '2025-10-29 04:32:09'),
(6181, 53, 44, 2025, 1, 0.9500, '2025-10-29 04:10:16', '2025-10-29 04:32:09'),
(6182, 53, 44, 2025, 2, 1.0000, '2025-10-29 04:10:16', '2025-10-29 04:32:09'),
(6183, 53, 44, 2025, 3, 1.0000, '2025-10-29 04:10:16', '2025-10-29 04:32:09'),
(6184, 53, 44, 2025, 4, 1.0000, '2025-10-29 04:10:16', '2025-10-29 04:32:09'),
(6185, 53, 44, 2025, 5, 1.0000, '2025-10-29 04:10:16', '2025-10-29 04:32:09'),
(6186, 53, 44, 2025, 6, 1.0000, '2025-10-29 04:10:16', '2025-10-29 04:32:09'),
(6187, 53, 44, 2025, 7, 1.0000, '2025-10-29 04:10:16', '2025-10-29 04:32:09'),
(6188, 53, 44, 2025, 8, 1.0000, '2025-10-29 04:10:16', '2025-10-29 04:32:09'),
(6189, 53, 44, 2025, 9, 1.0000, '2025-10-29 04:10:16', '2025-10-29 04:32:09'),
(6190, 53, 44, 2025, 10, 0.9500, '2025-10-29 04:10:16', '2025-10-29 04:32:09'),
(6191, 53, 44, 2025, 11, 1.0000, '2025-10-29 04:10:16', '2025-10-29 04:32:09'),
(6192, 53, 44, 2025, 12, 1.0000, '2025-10-29 04:10:16', '2025-10-29 04:32:09'),
(6193, 54, 37, 2025, 1, 0.6600, '2025-10-29 04:10:16', '2025-10-29 04:32:09'),
(6194, 54, 37, 2025, 2, 0.9300, '2025-10-29 04:10:16', '2025-10-29 04:32:09'),
(6195, 54, 37, 2025, 3, 0.9600, '2025-10-29 04:10:16', '2025-10-29 04:32:09'),
(6196, 54, 37, 2025, 4, 0.6900, '2025-10-29 04:10:16', '2025-10-29 04:32:09'),
(6197, 54, 37, 2025, 5, 0.8100, '2025-10-29 04:10:16', '2025-10-29 04:32:09'),
(6198, 54, 37, 2025, 6, 0.7900, '2025-10-29 04:10:16', '2025-10-29 04:32:09'),
(6199, 54, 37, 2025, 7, 0.8900, '2025-10-29 04:10:16', '2025-10-29 04:32:09'),
(6200, 54, 37, 2025, 8, 0.7900, '2025-10-29 04:10:16', '2025-10-29 04:32:09'),
(6201, 54, 37, 2025, 9, 0.8700, '2025-10-29 04:10:16', '2025-10-29 04:32:09'),
(6202, 54, 37, 2025, 10, 0.7100, '2025-10-29 04:10:16', '2025-10-29 04:32:09'),
(6203, 54, 37, 2025, 11, 0.8400, '2025-10-29 04:10:16', '2025-10-29 04:32:09'),
(6204, 54, 37, 2025, 12, 0.7200, '2025-10-29 04:10:16', '2025-10-29 04:32:09'),
(6205, 54, 38, 2025, 1, 0.8300, '2025-10-29 04:10:16', '2025-10-29 04:32:09'),
(6206, 54, 38, 2025, 2, 0.6900, '2025-10-29 04:10:16', '2025-10-29 04:32:09'),
(6207, 54, 38, 2025, 3, 0.7100, '2025-10-29 04:10:16', '2025-10-29 04:32:09'),
(6208, 54, 38, 2025, 4, 0.9700, '2025-10-29 04:10:16', '2025-10-29 04:32:09'),
(6209, 54, 38, 2025, 5, 0.7100, '2025-10-29 04:10:16', '2025-10-29 04:32:09'),
(6210, 54, 38, 2025, 6, 0.6700, '2025-10-29 04:10:16', '2025-10-29 04:32:09'),
(6211, 54, 38, 2025, 7, 0.8500, '2025-10-29 04:10:16', '2025-10-29 04:32:09'),
(6212, 54, 38, 2025, 8, 0.8300, '2025-10-29 04:10:16', '2025-10-29 04:32:09'),
(6213, 54, 38, 2025, 9, 0.8600, '2025-10-29 04:10:16', '2025-10-29 04:32:09'),
(6214, 54, 38, 2025, 10, 0.8600, '2025-10-29 04:10:16', '2025-10-29 04:32:09'),
(6215, 54, 38, 2025, 11, 0.7700, '2025-10-29 04:10:16', '2025-10-29 04:32:09'),
(6216, 54, 38, 2025, 12, 0.7700, '2025-10-29 04:10:16', '2025-10-29 04:32:09'),
(6217, 54, 39, 2025, 1, 0.9500, '2025-10-29 04:10:16', '2025-10-29 04:32:09'),
(6218, 54, 39, 2025, 2, 0.8000, '2025-10-29 04:10:16', '2025-10-29 04:32:09'),
(6219, 54, 39, 2025, 3, 0.7600, '2025-10-29 04:10:16', '2025-10-29 04:32:09'),
(6220, 54, 39, 2025, 4, 0.8300, '2025-10-29 04:10:16', '2025-10-29 04:32:09'),
(6221, 54, 39, 2025, 5, 0.9900, '2025-10-29 04:10:16', '2025-10-29 04:32:09'),
(6222, 54, 39, 2025, 6, 0.7500, '2025-10-29 04:10:16', '2025-10-29 04:32:09'),
(6223, 54, 39, 2025, 7, 0.7900, '2025-10-29 04:10:16', '2025-10-29 04:32:09'),
(6224, 54, 39, 2025, 8, 0.6900, '2025-10-29 04:10:16', '2025-10-29 04:32:09'),
(6225, 54, 39, 2025, 9, 0.6900, '2025-10-29 04:10:16', '2025-10-29 04:32:09'),
(6226, 54, 39, 2025, 10, 1.0000, '2025-10-29 04:10:16', '2025-10-29 04:32:09'),
(6227, 54, 39, 2025, 11, 0.9800, '2025-10-29 04:10:16', '2025-10-29 04:32:09'),
(6228, 54, 39, 2025, 12, 0.9000, '2025-10-29 04:10:16', '2025-10-29 04:32:09'),
(6229, 54, 40, 2025, 1, 0.7200, '2025-10-29 04:10:16', '2025-10-29 04:32:09'),
(6230, 54, 40, 2025, 2, 0.8700, '2025-10-29 04:10:16', '2025-10-29 04:32:09'),
(6231, 54, 40, 2025, 3, 0.7400, '2025-10-29 04:10:16', '2025-10-29 04:32:09'),
(6232, 54, 40, 2025, 4, 0.7000, '2025-10-29 04:10:16', '2025-10-29 04:32:09'),
(6233, 54, 40, 2025, 5, 0.8500, '2025-10-29 04:10:16', '2025-10-29 04:32:09'),
(6234, 54, 40, 2025, 6, 0.6600, '2025-10-29 04:10:16', '2025-10-29 04:32:09');
INSERT INTO `kpi_nilais` (`id`, `karyawan_id`, `sub_kriteria_id`, `tahun`, `bulan`, `nilai`, `created_at`, `updated_at`) VALUES
(6235, 54, 40, 2025, 7, 0.8800, '2025-10-29 04:10:16', '2025-10-29 04:32:09'),
(6236, 54, 40, 2025, 8, 0.9400, '2025-10-29 04:10:16', '2025-10-29 04:32:09'),
(6237, 54, 40, 2025, 9, 0.9200, '2025-10-29 04:10:16', '2025-10-29 04:32:09'),
(6238, 54, 40, 2025, 10, 0.7100, '2025-10-29 04:10:16', '2025-10-29 04:32:09'),
(6239, 54, 40, 2025, 11, 0.9300, '2025-10-29 04:10:16', '2025-10-29 04:32:09'),
(6240, 54, 40, 2025, 12, 0.6500, '2025-10-29 04:10:16', '2025-10-29 04:32:09'),
(6241, 54, 41, 2025, 1, 0.9000, '2025-10-29 04:10:16', '2025-10-29 04:32:09'),
(6242, 54, 41, 2025, 2, 1.0000, '2025-10-29 04:10:16', '2025-10-29 04:32:09'),
(6243, 54, 41, 2025, 3, 1.0000, '2025-10-29 04:10:16', '2025-10-29 04:32:09'),
(6244, 54, 41, 2025, 4, 1.0000, '2025-10-29 04:10:16', '2025-10-29 04:32:09'),
(6245, 54, 41, 2025, 5, 1.0000, '2025-10-29 04:10:16', '2025-10-29 04:32:09'),
(6246, 54, 41, 2025, 6, 1.0000, '2025-10-29 04:10:16', '2025-10-29 04:32:09'),
(6247, 54, 41, 2025, 7, 1.0000, '2025-10-29 04:10:16', '2025-10-29 04:32:09'),
(6248, 54, 41, 2025, 8, 1.0000, '2025-10-29 04:10:16', '2025-10-29 04:32:09'),
(6249, 54, 41, 2025, 9, 0.9500, '2025-10-29 04:10:16', '2025-10-29 04:32:09'),
(6250, 54, 41, 2025, 10, 1.0000, '2025-10-29 04:10:16', '2025-10-29 04:32:09'),
(6251, 54, 41, 2025, 11, 1.0000, '2025-10-29 04:10:16', '2025-10-29 04:32:09'),
(6252, 54, 41, 2025, 12, 1.0000, '2025-10-29 04:10:16', '2025-10-29 04:32:09'),
(6253, 54, 42, 2025, 1, 1.0000, '2025-10-29 04:10:16', '2025-10-29 04:32:09'),
(6254, 54, 42, 2025, 2, 0.9000, '2025-10-29 04:10:16', '2025-10-29 04:32:09'),
(6255, 54, 42, 2025, 3, 0.9500, '2025-10-29 04:10:16', '2025-10-29 04:32:09'),
(6256, 54, 42, 2025, 4, 1.0000, '2025-10-29 04:10:16', '2025-10-29 04:32:09'),
(6257, 54, 42, 2025, 5, 1.0000, '2025-10-29 04:10:16', '2025-10-29 04:32:09'),
(6258, 54, 42, 2025, 6, 1.0000, '2025-10-29 04:10:16', '2025-10-29 04:32:09'),
(6259, 54, 42, 2025, 7, 1.0000, '2025-10-29 04:10:16', '2025-10-29 04:32:09'),
(6260, 54, 42, 2025, 8, 1.0000, '2025-10-29 04:10:16', '2025-10-29 04:32:09'),
(6261, 54, 42, 2025, 9, 1.0000, '2025-10-29 04:10:16', '2025-10-29 04:32:09'),
(6262, 54, 42, 2025, 10, 1.0000, '2025-10-29 04:10:16', '2025-10-29 04:32:09'),
(6263, 54, 42, 2025, 11, 1.0000, '2025-10-29 04:10:16', '2025-10-29 04:32:09'),
(6264, 54, 42, 2025, 12, 1.0000, '2025-10-29 04:10:16', '2025-10-29 04:32:09'),
(6265, 54, 43, 2025, 1, 0.7900, '2025-10-29 04:10:16', '2025-10-29 04:32:09'),
(6266, 54, 43, 2025, 2, 0.7300, '2025-10-29 04:10:16', '2025-10-29 04:32:09'),
(6267, 54, 43, 2025, 3, 0.7600, '2025-10-29 04:10:16', '2025-10-29 04:32:09'),
(6268, 54, 43, 2025, 4, 0.6700, '2025-10-29 04:10:16', '2025-10-29 04:32:09'),
(6269, 54, 43, 2025, 5, 0.6800, '2025-10-29 04:10:16', '2025-10-29 04:32:09'),
(6270, 54, 43, 2025, 6, 0.8000, '2025-10-29 04:10:16', '2025-10-29 04:32:09'),
(6271, 54, 43, 2025, 7, 0.8900, '2025-10-29 04:10:16', '2025-10-29 04:32:09'),
(6272, 54, 43, 2025, 8, 0.8800, '2025-10-29 04:10:16', '2025-10-29 04:32:09'),
(6273, 54, 43, 2025, 9, 0.8700, '2025-10-29 04:10:16', '2025-10-29 04:32:09'),
(6274, 54, 43, 2025, 10, 0.7100, '2025-10-29 04:10:16', '2025-10-29 04:32:09'),
(6275, 54, 43, 2025, 11, 0.9000, '2025-10-29 04:10:16', '2025-10-29 04:32:09'),
(6276, 54, 43, 2025, 12, 0.6600, '2025-10-29 04:10:16', '2025-10-29 04:32:09'),
(6277, 54, 44, 2025, 1, 1.0000, '2025-10-29 04:10:16', '2025-10-29 04:32:09'),
(6278, 54, 44, 2025, 2, 0.7100, '2025-10-29 04:10:16', '2025-10-29 04:32:09'),
(6279, 54, 44, 2025, 3, 0.6500, '2025-10-29 04:10:16', '2025-10-29 04:32:09'),
(6280, 54, 44, 2025, 4, 0.8000, '2025-10-29 04:10:16', '2025-10-29 04:32:09'),
(6281, 54, 44, 2025, 5, 0.9100, '2025-10-29 04:10:16', '2025-10-29 04:32:09'),
(6282, 54, 44, 2025, 6, 0.9800, '2025-10-29 04:10:16', '2025-10-29 04:32:09'),
(6283, 54, 44, 2025, 7, 0.7700, '2025-10-29 04:10:16', '2025-10-29 04:32:09'),
(6284, 54, 44, 2025, 8, 0.6600, '2025-10-29 04:10:16', '2025-10-29 04:32:09'),
(6285, 54, 44, 2025, 9, 0.8100, '2025-10-29 04:10:16', '2025-10-29 04:32:09'),
(6286, 54, 44, 2025, 10, 0.9800, '2025-10-29 04:10:16', '2025-10-29 04:32:09'),
(6287, 54, 44, 2025, 11, 0.6900, '2025-10-29 04:10:16', '2025-10-29 04:32:09'),
(6288, 54, 44, 2025, 12, 0.7800, '2025-10-29 04:10:16', '2025-10-29 04:32:09'),
(6289, 55, 37, 2025, 1, 0.7900, '2025-10-29 04:10:16', '2025-10-29 04:32:09'),
(6290, 55, 37, 2025, 2, 0.8200, '2025-10-29 04:10:16', '2025-10-29 04:32:09'),
(6291, 55, 37, 2025, 3, 0.8900, '2025-10-29 04:10:16', '2025-10-29 04:32:09'),
(6292, 55, 37, 2025, 4, 0.6500, '2025-10-29 04:10:16', '2025-10-29 04:32:09'),
(6293, 55, 37, 2025, 5, 0.6500, '2025-10-29 04:10:16', '2025-10-29 04:32:09'),
(6294, 55, 37, 2025, 6, 0.9400, '2025-10-29 04:10:16', '2025-10-29 04:32:09'),
(6295, 55, 37, 2025, 7, 0.7800, '2025-10-29 04:10:16', '2025-10-29 04:32:09'),
(6296, 55, 37, 2025, 8, 0.7900, '2025-10-29 04:10:16', '2025-10-29 04:32:09'),
(6297, 55, 37, 2025, 9, 1.0000, '2025-10-29 04:10:16', '2025-10-29 04:32:09'),
(6298, 55, 37, 2025, 10, 0.6900, '2025-10-29 04:10:16', '2025-10-29 04:32:09'),
(6299, 55, 37, 2025, 11, 0.8500, '2025-10-29 04:10:16', '2025-10-29 04:32:09'),
(6300, 55, 37, 2025, 12, 0.6700, '2025-10-29 04:10:16', '2025-10-29 04:32:09'),
(6301, 55, 38, 2025, 1, 0.9600, '2025-10-29 04:10:16', '2025-10-29 04:32:09'),
(6302, 55, 38, 2025, 2, 0.7700, '2025-10-29 04:10:16', '2025-10-29 04:32:09'),
(6303, 55, 38, 2025, 3, 0.8000, '2025-10-29 04:10:16', '2025-10-29 04:32:09'),
(6304, 55, 38, 2025, 4, 0.8900, '2025-10-29 04:10:16', '2025-10-29 04:32:09'),
(6305, 55, 38, 2025, 5, 0.8800, '2025-10-29 04:10:16', '2025-10-29 04:32:09'),
(6306, 55, 38, 2025, 6, 0.7700, '2025-10-29 04:10:16', '2025-10-29 04:32:09'),
(6307, 55, 38, 2025, 7, 0.7600, '2025-10-29 04:10:16', '2025-10-29 04:32:09'),
(6308, 55, 38, 2025, 8, 0.9300, '2025-10-29 04:10:16', '2025-10-29 04:32:09'),
(6309, 55, 38, 2025, 9, 0.6800, '2025-10-29 04:10:16', '2025-10-29 04:32:09'),
(6310, 55, 38, 2025, 10, 0.6600, '2025-10-29 04:10:16', '2025-10-29 04:32:09'),
(6311, 55, 38, 2025, 11, 0.8700, '2025-10-29 04:10:16', '2025-10-29 04:32:09'),
(6312, 55, 38, 2025, 12, 0.7700, '2025-10-29 04:10:16', '2025-10-29 04:32:09'),
(6313, 55, 39, 2025, 1, 1.0000, '2025-10-29 04:10:16', '2025-10-29 04:32:09'),
(6314, 55, 39, 2025, 2, 0.9000, '2025-10-29 04:10:16', '2025-10-29 04:32:09'),
(6315, 55, 39, 2025, 3, 1.0000, '2025-10-29 04:10:16', '2025-10-29 04:32:09'),
(6316, 55, 39, 2025, 4, 1.0000, '2025-10-29 04:10:16', '2025-10-29 04:32:09'),
(6317, 55, 39, 2025, 5, 1.0000, '2025-10-29 04:10:16', '2025-10-29 04:32:09'),
(6318, 55, 39, 2025, 6, 1.0000, '2025-10-29 04:10:16', '2025-10-29 04:32:09'),
(6319, 55, 39, 2025, 7, 1.0000, '2025-10-29 04:10:16', '2025-10-29 04:32:09'),
(6320, 55, 39, 2025, 8, 1.0000, '2025-10-29 04:10:16', '2025-10-29 04:32:09'),
(6321, 55, 39, 2025, 9, 1.0000, '2025-10-29 04:10:16', '2025-10-29 04:32:09'),
(6322, 55, 39, 2025, 10, 0.9000, '2025-10-29 04:10:16', '2025-10-29 04:32:09'),
(6323, 55, 39, 2025, 11, 1.0000, '2025-10-29 04:10:16', '2025-10-29 04:32:09'),
(6324, 55, 39, 2025, 12, 0.9500, '2025-10-29 04:10:16', '2025-10-29 04:32:09'),
(6325, 55, 40, 2025, 1, 1.0000, '2025-10-29 04:10:16', '2025-10-29 04:32:09'),
(6326, 55, 40, 2025, 2, 1.0000, '2025-10-29 04:10:16', '2025-10-29 04:32:09'),
(6327, 55, 40, 2025, 3, 1.0000, '2025-10-29 04:10:16', '2025-10-29 04:32:09'),
(6328, 55, 40, 2025, 4, 1.0000, '2025-10-29 04:10:16', '2025-10-29 04:32:09'),
(6329, 55, 40, 2025, 5, 1.0000, '2025-10-29 04:10:16', '2025-10-29 04:32:09'),
(6330, 55, 40, 2025, 6, 0.9000, '2025-10-29 04:10:16', '2025-10-29 04:32:09'),
(6331, 55, 40, 2025, 7, 0.9500, '2025-10-29 04:10:16', '2025-10-29 04:32:09'),
(6332, 55, 40, 2025, 8, 1.0000, '2025-10-29 04:10:16', '2025-10-29 04:32:09'),
(6333, 55, 40, 2025, 9, 0.9500, '2025-10-29 04:10:16', '2025-10-29 04:32:09'),
(6334, 55, 40, 2025, 10, 0.9000, '2025-10-29 04:10:16', '2025-10-29 04:32:09'),
(6335, 55, 40, 2025, 11, 1.0000, '2025-10-29 04:10:16', '2025-10-29 04:32:09'),
(6336, 55, 40, 2025, 12, 1.0000, '2025-10-29 04:10:16', '2025-10-29 04:32:09'),
(6337, 55, 41, 2025, 1, 0.9500, '2025-10-29 04:10:16', '2025-10-29 04:32:09'),
(6338, 55, 41, 2025, 2, 1.0000, '2025-10-29 04:10:16', '2025-10-29 04:32:09'),
(6339, 55, 41, 2025, 3, 1.0000, '2025-10-29 04:10:16', '2025-10-29 04:32:09'),
(6340, 55, 41, 2025, 4, 1.0000, '2025-10-29 04:10:16', '2025-10-29 04:32:09'),
(6341, 55, 41, 2025, 5, 1.0000, '2025-10-29 04:10:16', '2025-10-29 04:32:09'),
(6342, 55, 41, 2025, 6, 1.0000, '2025-10-29 04:10:16', '2025-10-29 04:32:09'),
(6343, 55, 41, 2025, 7, 1.0000, '2025-10-29 04:10:16', '2025-10-29 04:32:09'),
(6344, 55, 41, 2025, 8, 1.0000, '2025-10-29 04:10:16', '2025-10-29 04:32:09'),
(6345, 55, 41, 2025, 9, 1.0000, '2025-10-29 04:10:16', '2025-10-29 04:32:09'),
(6346, 55, 41, 2025, 10, 1.0000, '2025-10-29 04:10:16', '2025-10-29 04:32:09'),
(6347, 55, 41, 2025, 11, 1.0000, '2025-10-29 04:10:16', '2025-10-29 04:32:09'),
(6348, 55, 41, 2025, 12, 1.0000, '2025-10-29 04:10:16', '2025-10-29 04:32:09'),
(6349, 55, 42, 2025, 1, 1.0000, '2025-10-29 04:10:16', '2025-10-29 04:32:09'),
(6350, 55, 42, 2025, 2, 1.0000, '2025-10-29 04:10:16', '2025-10-29 04:32:09'),
(6351, 55, 42, 2025, 3, 0.9500, '2025-10-29 04:10:16', '2025-10-29 04:32:09'),
(6352, 55, 42, 2025, 4, 1.0000, '2025-10-29 04:10:16', '2025-10-29 04:32:09'),
(6353, 55, 42, 2025, 5, 1.0000, '2025-10-29 04:10:16', '2025-10-29 04:32:09'),
(6354, 55, 42, 2025, 6, 1.0000, '2025-10-29 04:10:16', '2025-10-29 04:32:09'),
(6355, 55, 42, 2025, 7, 1.0000, '2025-10-29 04:10:16', '2025-10-29 04:32:09'),
(6356, 55, 42, 2025, 8, 1.0000, '2025-10-29 04:10:16', '2025-10-29 04:32:09'),
(6357, 55, 42, 2025, 9, 0.9000, '2025-10-29 04:10:16', '2025-10-29 04:32:09'),
(6358, 55, 42, 2025, 10, 1.0000, '2025-10-29 04:10:16', '2025-10-29 04:32:09'),
(6359, 55, 42, 2025, 11, 0.9500, '2025-10-29 04:10:16', '2025-10-29 04:32:09'),
(6360, 55, 42, 2025, 12, 1.0000, '2025-10-29 04:10:16', '2025-10-29 04:32:09'),
(6361, 55, 43, 2025, 1, 1.0000, '2025-10-29 04:10:16', '2025-10-29 04:32:09'),
(6362, 55, 43, 2025, 2, 1.0000, '2025-10-29 04:10:16', '2025-10-29 04:32:09'),
(6363, 55, 43, 2025, 3, 0.9000, '2025-10-29 04:10:16', '2025-10-29 04:32:09'),
(6364, 55, 43, 2025, 4, 1.0000, '2025-10-29 04:10:16', '2025-10-29 04:32:09'),
(6365, 55, 43, 2025, 5, 0.9500, '2025-10-29 04:10:16', '2025-10-29 04:32:09'),
(6366, 55, 43, 2025, 6, 1.0000, '2025-10-29 04:10:16', '2025-10-29 04:32:09'),
(6367, 55, 43, 2025, 7, 1.0000, '2025-10-29 04:10:16', '2025-10-29 04:32:09'),
(6368, 55, 43, 2025, 8, 1.0000, '2025-10-29 04:10:16', '2025-10-29 04:32:09'),
(6369, 55, 43, 2025, 9, 1.0000, '2025-10-29 04:10:16', '2025-10-29 04:32:09'),
(6370, 55, 43, 2025, 10, 1.0000, '2025-10-29 04:10:16', '2025-10-29 04:32:09'),
(6371, 55, 43, 2025, 11, 0.9000, '2025-10-29 04:10:16', '2025-10-29 04:32:09'),
(6372, 55, 43, 2025, 12, 1.0000, '2025-10-29 04:10:16', '2025-10-29 04:32:09'),
(6373, 55, 44, 2025, 1, 0.9500, '2025-10-29 04:10:16', '2025-10-29 04:32:09'),
(6374, 55, 44, 2025, 2, 1.0000, '2025-10-29 04:10:16', '2025-10-29 04:32:09'),
(6375, 55, 44, 2025, 3, 1.0000, '2025-10-29 04:10:16', '2025-10-29 04:32:09'),
(6376, 55, 44, 2025, 4, 1.0000, '2025-10-29 04:10:16', '2025-10-29 04:32:09'),
(6377, 55, 44, 2025, 5, 1.0000, '2025-10-29 04:10:16', '2025-10-29 04:32:09'),
(6378, 55, 44, 2025, 6, 0.9600, '2025-10-29 04:10:16', '2025-10-29 04:32:09'),
(6379, 55, 44, 2025, 7, 1.0000, '2025-10-29 04:10:16', '2025-10-29 04:32:09'),
(6380, 55, 44, 2025, 8, 1.0000, '2025-10-29 04:10:16', '2025-10-29 04:32:09'),
(6381, 55, 44, 2025, 9, 1.0000, '2025-10-29 04:10:16', '2025-10-29 04:32:09'),
(6382, 55, 44, 2025, 10, 0.9500, '2025-10-29 04:10:16', '2025-10-29 04:32:09'),
(6383, 55, 44, 2025, 11, 1.0000, '2025-10-29 04:10:16', '2025-10-29 04:32:09'),
(6384, 55, 44, 2025, 12, 0.9000, '2025-10-29 04:10:16', '2025-10-29 04:32:09'),
(6385, 56, 45, 2025, 1, 1.0000, '2025-10-29 04:10:16', '2025-10-29 07:50:29'),
(6386, 56, 45, 2025, 2, 1.0000, '2025-10-29 04:10:16', '2025-10-29 07:50:29'),
(6387, 56, 45, 2025, 3, 1.0000, '2025-10-29 04:10:16', '2025-10-29 07:50:29'),
(6388, 56, 45, 2025, 4, 1.0000, '2025-10-29 04:10:16', '2025-10-29 07:50:29'),
(6389, 56, 45, 2025, 5, 0.9000, '2025-10-29 04:10:16', '2025-10-29 07:50:29'),
(6390, 56, 45, 2025, 6, 0.9000, '2025-10-29 04:10:16', '2025-10-29 07:50:29'),
(6391, 56, 45, 2025, 7, 0.8500, '2025-10-29 04:10:16', '2025-10-29 07:50:29'),
(6392, 56, 45, 2025, 8, 0.9000, '2025-10-29 04:10:16', '2025-10-29 07:50:29'),
(6393, 56, 45, 2025, 9, 1.0000, '2025-10-29 04:10:16', '2025-10-29 07:50:29'),
(6394, 56, 45, 2025, 10, 1.0000, '2025-10-29 04:10:16', '2025-10-29 07:50:29'),
(6395, 56, 45, 2025, 11, 1.0000, '2025-10-29 04:10:16', '2025-10-29 07:50:29'),
(6396, 56, 45, 2025, 12, 0.9000, '2025-10-29 04:10:16', '2025-10-29 07:50:29'),
(6397, 56, 46, 2025, 1, 1.0000, '2025-10-29 04:10:16', '2025-10-29 07:50:29'),
(6398, 56, 46, 2025, 2, 0.9500, '2025-10-29 04:10:16', '2025-10-29 07:50:29'),
(6399, 56, 46, 2025, 3, 0.9500, '2025-10-29 04:10:16', '2025-10-29 07:50:29'),
(6400, 56, 46, 2025, 4, 1.0000, '2025-10-29 04:10:16', '2025-10-29 07:50:29'),
(6401, 56, 46, 2025, 5, 0.9500, '2025-10-29 04:10:16', '2025-10-29 07:50:29'),
(6402, 56, 46, 2025, 6, 0.9500, '2025-10-29 04:10:16', '2025-10-29 07:50:29'),
(6403, 56, 46, 2025, 7, 1.0000, '2025-10-29 04:10:16', '2025-10-29 07:50:29'),
(6404, 56, 46, 2025, 8, 1.0000, '2025-10-29 04:10:16', '2025-10-29 07:50:29'),
(6405, 56, 46, 2025, 9, 0.9500, '2025-10-29 04:10:16', '2025-10-29 07:50:29'),
(6406, 56, 46, 2025, 10, 0.9500, '2025-10-29 04:10:16', '2025-10-29 07:50:29'),
(6407, 56, 46, 2025, 11, 0.9500, '2025-10-29 04:10:16', '2025-10-29 07:50:29'),
(6408, 56, 46, 2025, 12, 1.0000, '2025-10-29 04:10:16', '2025-10-29 07:50:29'),
(6409, 56, 47, 2025, 1, 0.9300, '2025-10-29 04:10:16', '2025-10-29 07:50:29'),
(6410, 56, 47, 2025, 2, 0.9700, '2025-10-29 04:10:16', '2025-10-29 07:50:29'),
(6411, 56, 47, 2025, 3, 0.8300, '2025-10-29 04:10:16', '2025-10-29 07:50:29'),
(6412, 56, 47, 2025, 4, 0.7400, '2025-10-29 04:10:16', '2025-10-29 07:50:29'),
(6413, 56, 47, 2025, 5, 0.6600, '2025-10-29 04:10:16', '2025-10-29 07:50:29'),
(6414, 56, 47, 2025, 6, 0.6500, '2025-10-29 04:10:16', '2025-10-29 07:50:29'),
(6415, 56, 47, 2025, 7, 0.9400, '2025-10-29 04:10:16', '2025-10-29 07:50:29'),
(6416, 56, 47, 2025, 8, 0.8000, '2025-10-29 04:10:16', '2025-10-29 07:50:29'),
(6417, 56, 47, 2025, 9, 0.7400, '2025-10-29 04:10:16', '2025-10-29 07:50:29'),
(6418, 56, 47, 2025, 10, 0.7300, '2025-10-29 04:10:16', '2025-10-29 07:50:29'),
(6419, 56, 47, 2025, 11, 0.6800, '2025-10-29 04:10:16', '2025-10-29 07:50:29'),
(6420, 56, 47, 2025, 12, 0.7500, '2025-10-29 04:10:16', '2025-10-29 07:50:29'),
(6421, 56, 48, 2025, 1, 0.8800, '2025-10-29 04:10:16', '2025-10-29 07:50:29'),
(6422, 56, 48, 2025, 2, 1.0000, '2025-10-29 04:10:16', '2025-10-29 07:50:29'),
(6423, 56, 48, 2025, 3, 0.9700, '2025-10-29 04:10:16', '2025-10-29 07:50:29'),
(6424, 56, 48, 2025, 4, 0.9600, '2025-10-29 04:10:16', '2025-10-29 07:50:29'),
(6425, 56, 48, 2025, 5, 0.8200, '2025-10-29 04:10:16', '2025-10-29 07:50:29'),
(6426, 56, 48, 2025, 6, 0.7000, '2025-10-29 04:10:16', '2025-10-29 07:50:29'),
(6427, 56, 48, 2025, 7, 0.8900, '2025-10-29 04:10:16', '2025-10-29 07:50:29'),
(6428, 56, 48, 2025, 8, 0.8800, '2025-10-29 04:10:16', '2025-10-29 07:50:29'),
(6429, 56, 48, 2025, 9, 0.9500, '2025-10-29 04:10:16', '2025-10-29 07:50:29'),
(6430, 56, 48, 2025, 10, 1.0000, '2025-10-29 04:10:16', '2025-10-29 07:50:29'),
(6431, 56, 48, 2025, 11, 1.0000, '2025-10-29 04:10:16', '2025-10-29 07:50:29'),
(6432, 56, 48, 2025, 12, 0.9500, '2025-10-29 04:10:16', '2025-10-29 07:50:29'),
(6433, 56, 49, 2025, 1, 1.0000, '2025-10-29 04:10:16', '2025-10-29 07:50:29'),
(6434, 56, 49, 2025, 2, 0.9500, '2025-10-29 04:10:16', '2025-10-29 07:50:29'),
(6435, 56, 49, 2025, 3, 1.0000, '2025-10-29 04:10:16', '2025-10-29 07:50:29'),
(6436, 56, 49, 2025, 4, 0.9500, '2025-10-29 04:10:16', '2025-10-29 07:50:29'),
(6437, 56, 49, 2025, 5, 0.9000, '2025-10-29 04:10:16', '2025-10-29 07:50:29'),
(6438, 56, 49, 2025, 6, 0.9500, '2025-10-29 04:10:16', '2025-10-29 07:50:29'),
(6439, 56, 49, 2025, 7, 1.0000, '2025-10-29 04:10:16', '2025-10-29 07:50:29'),
(6440, 56, 49, 2025, 8, 0.9000, '2025-10-29 04:10:16', '2025-10-29 07:50:29'),
(6441, 56, 49, 2025, 9, 0.9500, '2025-10-29 04:10:16', '2025-10-29 07:50:29'),
(6442, 56, 49, 2025, 10, 1.0000, '2025-10-29 04:10:16', '2025-10-29 07:50:29'),
(6443, 56, 49, 2025, 11, 1.0000, '2025-10-29 04:10:16', '2025-10-29 07:50:29'),
(6444, 56, 49, 2025, 12, 0.9500, '2025-10-29 04:10:16', '2025-10-29 07:50:29'),
(6445, 56, 50, 2025, 1, 1.0000, '2025-10-29 04:10:16', '2025-10-29 07:50:29'),
(6446, 56, 50, 2025, 2, 1.0000, '2025-10-29 04:10:16', '2025-10-29 07:50:29'),
(6447, 56, 50, 2025, 3, 0.9000, '2025-10-29 04:10:16', '2025-10-29 07:50:29'),
(6448, 56, 50, 2025, 4, 1.0000, '2025-10-29 04:10:16', '2025-10-29 07:50:29'),
(6449, 56, 50, 2025, 5, 1.0000, '2025-10-29 04:10:16', '2025-10-29 07:50:29'),
(6450, 56, 50, 2025, 6, 1.0000, '2025-10-29 04:10:16', '2025-10-29 07:50:29'),
(6451, 56, 50, 2025, 7, 1.0000, '2025-10-29 04:10:16', '2025-10-29 07:50:29'),
(6452, 56, 50, 2025, 8, 1.0000, '2025-10-29 04:10:16', '2025-10-29 07:50:29'),
(6453, 56, 50, 2025, 9, 1.0000, '2025-10-29 04:10:16', '2025-10-29 07:50:29'),
(6454, 56, 50, 2025, 10, 1.0000, '2025-10-29 04:10:16', '2025-10-29 07:50:29'),
(6455, 56, 50, 2025, 11, 1.0000, '2025-10-29 04:10:16', '2025-10-29 07:50:29'),
(6456, 56, 50, 2025, 12, 1.0000, '2025-10-29 04:10:16', '2025-10-29 07:50:29'),
(6457, 56, 51, 2025, 1, 1.0000, '2025-10-29 04:10:16', '2025-10-29 07:50:29'),
(6458, 56, 51, 2025, 2, 1.0000, '2025-10-29 04:10:16', '2025-10-29 07:50:29'),
(6459, 56, 51, 2025, 3, 1.0000, '2025-10-29 04:10:16', '2025-10-29 07:50:29'),
(6460, 56, 51, 2025, 4, 1.0000, '2025-10-29 04:10:16', '2025-10-29 07:50:29'),
(6461, 56, 51, 2025, 5, 1.0000, '2025-10-29 04:10:16', '2025-10-29 07:50:29'),
(6462, 56, 51, 2025, 6, 1.0000, '2025-10-29 04:10:16', '2025-10-29 07:50:29'),
(6463, 56, 51, 2025, 7, 1.0000, '2025-10-29 04:10:16', '2025-10-29 07:50:29'),
(6464, 56, 51, 2025, 8, 1.0000, '2025-10-29 04:10:16', '2025-10-29 07:50:29'),
(6465, 56, 51, 2025, 9, 1.0000, '2025-10-29 04:10:16', '2025-10-29 07:50:29'),
(6466, 56, 51, 2025, 10, 1.0000, '2025-10-29 04:10:16', '2025-10-29 07:50:29'),
(6467, 56, 51, 2025, 11, 1.0000, '2025-10-29 04:10:16', '2025-10-29 07:50:29'),
(6468, 56, 51, 2025, 12, 0.9000, '2025-10-29 04:10:16', '2025-10-29 07:50:29'),
(6469, 57, 45, 2025, 1, 0.9900, '2025-10-29 04:10:16', '2025-10-29 04:32:10'),
(6470, 57, 45, 2025, 2, 0.9000, '2025-10-29 04:10:16', '2025-10-29 04:32:10'),
(6471, 57, 45, 2025, 3, 0.8100, '2025-10-29 04:10:16', '2025-10-29 04:32:10'),
(6472, 57, 45, 2025, 4, 0.6700, '2025-10-29 04:10:16', '2025-10-29 04:32:10'),
(6473, 57, 45, 2025, 5, 0.8600, '2025-10-29 04:10:16', '2025-10-29 04:32:10'),
(6474, 57, 45, 2025, 6, 0.7200, '2025-10-29 04:10:16', '2025-10-29 04:32:10'),
(6475, 57, 45, 2025, 7, 0.8100, '2025-10-29 04:10:16', '2025-10-29 04:32:10'),
(6476, 57, 45, 2025, 8, 0.6500, '2025-10-29 04:10:16', '2025-10-29 04:32:10'),
(6477, 57, 45, 2025, 9, 0.8700, '2025-10-29 04:10:16', '2025-10-29 04:32:10'),
(6478, 57, 45, 2025, 10, 0.8500, '2025-10-29 04:10:16', '2025-10-29 04:32:10'),
(6479, 57, 45, 2025, 11, 0.8300, '2025-10-29 04:10:16', '2025-10-29 04:32:10'),
(6480, 57, 45, 2025, 12, 0.9500, '2025-10-29 04:10:16', '2025-10-29 04:32:10'),
(6481, 57, 46, 2025, 1, 0.9200, '2025-10-29 04:10:16', '2025-10-29 04:32:10'),
(6482, 57, 46, 2025, 2, 0.9100, '2025-10-29 04:10:16', '2025-10-29 04:32:10'),
(6483, 57, 46, 2025, 3, 0.7400, '2025-10-29 04:10:16', '2025-10-29 04:32:10'),
(6484, 57, 46, 2025, 4, 0.8700, '2025-10-29 04:10:16', '2025-10-29 04:32:10'),
(6485, 57, 46, 2025, 5, 0.8200, '2025-10-29 04:10:16', '2025-10-29 04:32:10'),
(6486, 57, 46, 2025, 6, 0.7000, '2025-10-29 04:10:16', '2025-10-29 04:32:10'),
(6487, 57, 46, 2025, 7, 0.9200, '2025-10-29 04:10:16', '2025-10-29 04:32:10'),
(6488, 57, 46, 2025, 8, 0.9200, '2025-10-29 04:10:16', '2025-10-29 04:32:10'),
(6489, 57, 46, 2025, 9, 0.6600, '2025-10-29 04:10:16', '2025-10-29 04:32:10'),
(6490, 57, 46, 2025, 10, 0.8200, '2025-10-29 04:10:16', '2025-10-29 04:32:10'),
(6491, 57, 46, 2025, 11, 0.9200, '2025-10-29 04:10:16', '2025-10-29 04:32:10'),
(6492, 57, 46, 2025, 12, 0.7400, '2025-10-29 04:10:16', '2025-10-29 04:32:10'),
(6493, 57, 47, 2025, 1, 1.0000, '2025-10-29 04:10:16', '2025-10-29 04:32:10'),
(6494, 57, 47, 2025, 2, 1.0000, '2025-10-29 04:10:16', '2025-10-29 04:32:10'),
(6495, 57, 47, 2025, 3, 1.0000, '2025-10-29 04:10:16', '2025-10-29 04:32:10'),
(6496, 57, 47, 2025, 4, 1.0000, '2025-10-29 04:10:16', '2025-10-29 04:32:10'),
(6497, 57, 47, 2025, 5, 0.9500, '2025-10-29 04:10:16', '2025-10-29 04:32:10'),
(6498, 57, 47, 2025, 6, 1.0000, '2025-10-29 04:10:16', '2025-10-29 04:32:10'),
(6499, 57, 47, 2025, 7, 1.0000, '2025-10-29 04:10:16', '2025-10-29 04:32:10'),
(6500, 57, 47, 2025, 8, 0.9000, '2025-10-29 04:10:16', '2025-10-29 04:32:10'),
(6501, 57, 47, 2025, 9, 1.0000, '2025-10-29 04:10:16', '2025-10-29 04:32:10'),
(6502, 57, 47, 2025, 10, 1.0000, '2025-10-29 04:10:16', '2025-10-29 04:32:10'),
(6503, 57, 47, 2025, 11, 1.0000, '2025-10-29 04:10:16', '2025-10-29 04:32:10'),
(6504, 57, 47, 2025, 12, 1.0000, '2025-10-29 04:10:16', '2025-10-29 04:32:10'),
(6505, 57, 48, 2025, 1, 1.0000, '2025-10-29 04:10:16', '2025-10-29 04:32:10'),
(6506, 57, 48, 2025, 2, 0.9000, '2025-10-29 04:10:16', '2025-10-29 04:32:10'),
(6507, 57, 48, 2025, 3, 1.0000, '2025-10-29 04:10:16', '2025-10-29 04:32:10'),
(6508, 57, 48, 2025, 4, 1.0000, '2025-10-29 04:10:16', '2025-10-29 04:32:10'),
(6509, 57, 48, 2025, 5, 1.0000, '2025-10-29 04:10:16', '2025-10-29 04:32:10'),
(6510, 57, 48, 2025, 6, 1.0000, '2025-10-29 04:10:16', '2025-10-29 04:32:10'),
(6511, 57, 48, 2025, 7, 1.0000, '2025-10-29 04:10:16', '2025-10-29 04:32:10'),
(6512, 57, 48, 2025, 8, 1.0000, '2025-10-29 04:10:16', '2025-10-29 04:32:10'),
(6513, 57, 48, 2025, 9, 1.0000, '2025-10-29 04:10:16', '2025-10-29 04:32:10'),
(6514, 57, 48, 2025, 10, 1.0000, '2025-10-29 04:10:16', '2025-10-29 04:32:10'),
(6515, 57, 48, 2025, 11, 0.9000, '2025-10-29 04:10:16', '2025-10-29 04:32:10'),
(6516, 57, 48, 2025, 12, 1.0000, '2025-10-29 04:10:16', '2025-10-29 04:32:10'),
(6517, 57, 49, 2025, 1, 1.0000, '2025-10-29 04:10:16', '2025-10-29 04:32:10'),
(6518, 57, 49, 2025, 2, 0.9500, '2025-10-29 04:10:16', '2025-10-29 04:32:10'),
(6519, 57, 49, 2025, 3, 1.0000, '2025-10-29 04:10:16', '2025-10-29 04:32:10'),
(6520, 57, 49, 2025, 4, 0.9500, '2025-10-29 04:10:16', '2025-10-29 04:32:10'),
(6521, 57, 49, 2025, 5, 0.9000, '2025-10-29 04:10:16', '2025-10-29 04:32:10'),
(6522, 57, 49, 2025, 6, 0.9700, '2025-10-29 04:10:16', '2025-10-29 04:32:10'),
(6523, 57, 49, 2025, 7, 1.0000, '2025-10-29 04:10:16', '2025-10-29 04:32:10'),
(6524, 57, 49, 2025, 8, 0.9700, '2025-10-29 04:10:16', '2025-10-29 04:32:10'),
(6525, 57, 49, 2025, 9, 0.9500, '2025-10-29 04:10:16', '2025-10-29 04:32:10'),
(6526, 57, 49, 2025, 10, 1.0000, '2025-10-29 04:10:16', '2025-10-29 04:32:10'),
(6527, 57, 49, 2025, 11, 0.9700, '2025-10-29 04:10:16', '2025-10-29 04:32:10'),
(6528, 57, 49, 2025, 12, 0.9700, '2025-10-29 04:10:16', '2025-10-29 04:32:10'),
(6529, 57, 50, 2025, 1, 1.0000, '2025-10-29 04:10:16', '2025-10-29 04:32:10'),
(6530, 57, 50, 2025, 2, 1.0000, '2025-10-29 04:10:16', '2025-10-29 04:32:10'),
(6531, 57, 50, 2025, 3, 0.9000, '2025-10-29 04:10:16', '2025-10-29 04:32:10'),
(6532, 57, 50, 2025, 4, 1.0000, '2025-10-29 04:10:16', '2025-10-29 04:32:10'),
(6533, 57, 50, 2025, 5, 1.0000, '2025-10-29 04:10:16', '2025-10-29 04:32:10'),
(6534, 57, 50, 2025, 6, 1.0000, '2025-10-29 04:10:16', '2025-10-29 04:32:10'),
(6535, 57, 50, 2025, 7, 1.0000, '2025-10-29 04:10:16', '2025-10-29 04:32:10'),
(6536, 57, 50, 2025, 8, 1.0000, '2025-10-29 04:10:16', '2025-10-29 04:32:10'),
(6537, 57, 50, 2025, 9, 1.0000, '2025-10-29 04:10:16', '2025-10-29 04:32:10'),
(6538, 57, 50, 2025, 10, 1.0000, '2025-10-29 04:10:16', '2025-10-29 04:32:10'),
(6539, 57, 50, 2025, 11, 1.0000, '2025-10-29 04:10:16', '2025-10-29 04:32:10'),
(6540, 57, 50, 2025, 12, 1.0000, '2025-10-29 04:10:16', '2025-10-29 04:32:10'),
(6541, 57, 51, 2025, 1, 1.0000, '2025-10-29 04:10:16', '2025-10-29 04:32:10'),
(6542, 57, 51, 2025, 2, 1.0000, '2025-10-29 04:10:16', '2025-10-29 04:32:10'),
(6543, 57, 51, 2025, 3, 1.0000, '2025-10-29 04:10:16', '2025-10-29 04:32:10'),
(6544, 57, 51, 2025, 4, 1.0000, '2025-10-29 04:10:16', '2025-10-29 04:32:10'),
(6545, 57, 51, 2025, 5, 1.0000, '2025-10-29 04:10:16', '2025-10-29 04:32:10'),
(6546, 57, 51, 2025, 6, 1.0000, '2025-10-29 04:10:16', '2025-10-29 04:32:10'),
(6547, 57, 51, 2025, 7, 1.0000, '2025-10-29 04:10:16', '2025-10-29 04:32:10'),
(6548, 57, 51, 2025, 8, 1.0000, '2025-10-29 04:10:16', '2025-10-29 04:32:10'),
(6549, 57, 51, 2025, 9, 1.0000, '2025-10-29 04:10:16', '2025-10-29 04:32:10'),
(6550, 57, 51, 2025, 10, 1.0000, '2025-10-29 04:10:16', '2025-10-29 04:32:10'),
(6551, 57, 51, 2025, 11, 1.0000, '2025-10-29 04:10:16', '2025-10-29 04:32:10'),
(6552, 57, 51, 2025, 12, 1.0000, '2025-10-29 04:10:16', '2025-10-29 04:32:10'),
(6553, 58, 45, 2025, 1, 1.0000, '2025-10-29 04:10:16', '2025-10-29 04:32:10'),
(6554, 58, 45, 2025, 2, 1.0000, '2025-10-29 04:10:16', '2025-10-29 04:32:10'),
(6555, 58, 45, 2025, 3, 1.0000, '2025-10-29 04:10:16', '2025-10-29 04:32:10'),
(6556, 58, 45, 2025, 4, 1.0000, '2025-10-29 04:10:16', '2025-10-29 04:32:10'),
(6557, 58, 45, 2025, 5, 1.0000, '2025-10-29 04:10:16', '2025-10-29 04:32:10'),
(6558, 58, 45, 2025, 6, 1.0000, '2025-10-29 04:10:16', '2025-10-29 04:32:10'),
(6559, 58, 45, 2025, 7, 1.0000, '2025-10-29 04:10:16', '2025-10-29 04:32:10'),
(6560, 58, 45, 2025, 8, 1.0000, '2025-10-29 04:10:16', '2025-10-29 04:32:10'),
(6561, 58, 45, 2025, 9, 1.0000, '2025-10-29 04:10:16', '2025-10-29 04:32:10'),
(6562, 58, 45, 2025, 10, 0.9000, '2025-10-29 04:10:16', '2025-10-29 04:32:10'),
(6563, 58, 45, 2025, 11, 1.0000, '2025-10-29 04:10:16', '2025-10-29 04:32:10'),
(6564, 58, 45, 2025, 12, 0.9000, '2025-10-29 04:10:16', '2025-10-29 04:32:10'),
(6565, 58, 46, 2025, 1, 1.0000, '2025-10-29 04:10:16', '2025-10-29 04:32:10'),
(6566, 58, 46, 2025, 2, 1.0000, '2025-10-29 04:10:16', '2025-10-29 04:32:10'),
(6567, 58, 46, 2025, 3, 1.0000, '2025-10-29 04:10:16', '2025-10-29 04:32:10'),
(6568, 58, 46, 2025, 4, 1.0000, '2025-10-29 04:10:16', '2025-10-29 04:32:10'),
(6569, 58, 46, 2025, 5, 1.0000, '2025-10-29 04:10:16', '2025-10-29 04:32:10'),
(6570, 58, 46, 2025, 6, 0.9500, '2025-10-29 04:10:16', '2025-10-29 04:32:10'),
(6571, 58, 46, 2025, 7, 1.0000, '2025-10-29 04:10:16', '2025-10-29 04:32:10'),
(6572, 58, 46, 2025, 8, 1.0000, '2025-10-29 04:10:16', '2025-10-29 04:32:10'),
(6573, 58, 46, 2025, 9, 1.0000, '2025-10-29 04:10:16', '2025-10-29 04:32:10'),
(6574, 58, 46, 2025, 10, 1.0000, '2025-10-29 04:10:16', '2025-10-29 04:32:10'),
(6575, 58, 46, 2025, 11, 0.9500, '2025-10-29 04:10:16', '2025-10-29 04:32:10'),
(6576, 58, 46, 2025, 12, 1.0000, '2025-10-29 04:10:16', '2025-10-29 04:32:10'),
(6577, 58, 47, 2025, 1, 1.0000, '2025-10-29 04:10:16', '2025-10-29 04:32:10'),
(6578, 58, 47, 2025, 2, 0.9500, '2025-10-29 04:10:16', '2025-10-29 04:32:10'),
(6579, 58, 47, 2025, 3, 0.6700, '2025-10-29 04:10:16', '2025-10-29 04:32:10'),
(6580, 58, 47, 2025, 4, 0.7600, '2025-10-29 04:10:16', '2025-10-29 04:32:10'),
(6581, 58, 47, 2025, 5, 0.7500, '2025-10-29 04:10:16', '2025-10-29 04:32:10'),
(6582, 58, 47, 2025, 6, 0.7400, '2025-10-29 04:10:16', '2025-10-29 04:32:10'),
(6583, 58, 47, 2025, 7, 1.0000, '2025-10-29 04:10:16', '2025-10-29 04:32:10'),
(6584, 58, 47, 2025, 8, 0.9400, '2025-10-29 04:10:16', '2025-10-29 04:32:10'),
(6585, 58, 47, 2025, 9, 0.6900, '2025-10-29 04:10:16', '2025-10-29 04:32:10'),
(6586, 58, 47, 2025, 10, 0.6900, '2025-10-29 04:10:16', '2025-10-29 04:32:10'),
(6587, 58, 47, 2025, 11, 0.9600, '2025-10-29 04:10:16', '2025-10-29 04:32:10'),
(6588, 58, 47, 2025, 12, 0.9700, '2025-10-29 04:10:16', '2025-10-29 04:32:10'),
(6589, 58, 48, 2025, 1, 0.6900, '2025-10-29 04:10:16', '2025-10-29 04:32:10'),
(6590, 58, 48, 2025, 2, 0.7400, '2025-10-29 04:10:16', '2025-10-29 04:32:10'),
(6591, 58, 48, 2025, 3, 0.7600, '2025-10-29 04:10:16', '2025-10-29 04:32:10'),
(6592, 58, 48, 2025, 4, 0.8600, '2025-10-29 04:10:16', '2025-10-29 04:32:10'),
(6593, 58, 48, 2025, 5, 0.7500, '2025-10-29 04:10:16', '2025-10-29 04:32:10'),
(6594, 58, 48, 2025, 6, 0.8500, '2025-10-29 04:10:16', '2025-10-29 04:32:10'),
(6595, 58, 48, 2025, 7, 0.8600, '2025-10-29 04:10:16', '2025-10-29 04:32:10'),
(6596, 58, 48, 2025, 8, 0.8500, '2025-10-29 04:10:16', '2025-10-29 04:32:10'),
(6597, 58, 48, 2025, 9, 0.6800, '2025-10-29 04:10:16', '2025-10-29 04:32:10'),
(6598, 58, 48, 2025, 10, 0.7500, '2025-10-29 04:10:16', '2025-10-29 04:32:10'),
(6599, 58, 48, 2025, 11, 0.8300, '2025-10-29 04:10:16', '2025-10-29 04:32:10'),
(6600, 58, 48, 2025, 12, 0.9000, '2025-10-29 04:10:16', '2025-10-29 04:32:10'),
(6601, 58, 49, 2025, 1, 0.9500, '2025-10-29 04:10:16', '2025-10-29 04:32:10'),
(6602, 58, 49, 2025, 2, 0.9500, '2025-10-29 04:10:16', '2025-10-29 04:32:10'),
(6603, 58, 49, 2025, 3, 1.0000, '2025-10-29 04:10:16', '2025-10-29 04:32:10'),
(6604, 58, 49, 2025, 4, 0.9500, '2025-10-29 04:10:16', '2025-10-29 04:32:10'),
(6605, 58, 49, 2025, 5, 0.9000, '2025-10-29 04:10:16', '2025-10-29 04:32:10'),
(6606, 58, 49, 2025, 6, 0.9500, '2025-10-29 04:10:16', '2025-10-29 04:32:10'),
(6607, 58, 49, 2025, 7, 1.0000, '2025-10-29 04:10:16', '2025-10-29 04:32:10'),
(6608, 58, 49, 2025, 8, 0.9000, '2025-10-29 04:10:16', '2025-10-29 04:32:10'),
(6609, 58, 49, 2025, 9, 0.9500, '2025-10-29 04:10:16', '2025-10-29 04:32:10'),
(6610, 58, 49, 2025, 10, 1.0000, '2025-10-29 04:10:16', '2025-10-29 04:32:10'),
(6611, 58, 49, 2025, 11, 1.0000, '2025-10-29 04:10:16', '2025-10-29 04:32:10'),
(6612, 58, 49, 2025, 12, 0.9500, '2025-10-29 04:10:16', '2025-10-29 04:32:10'),
(6613, 58, 50, 2025, 1, 1.0000, '2025-10-29 04:10:16', '2025-10-29 04:32:10'),
(6614, 58, 50, 2025, 2, 1.0000, '2025-10-29 04:10:16', '2025-10-29 04:32:10'),
(6615, 58, 50, 2025, 3, 0.9000, '2025-10-29 04:10:16', '2025-10-29 04:32:10'),
(6616, 58, 50, 2025, 4, 1.0000, '2025-10-29 04:10:16', '2025-10-29 04:32:10'),
(6617, 58, 50, 2025, 5, 1.0000, '2025-10-29 04:10:16', '2025-10-29 04:32:10'),
(6618, 58, 50, 2025, 6, 1.0000, '2025-10-29 04:10:16', '2025-10-29 04:32:10'),
(6619, 58, 50, 2025, 7, 0.9000, '2025-10-29 04:10:16', '2025-10-29 04:32:10'),
(6620, 58, 50, 2025, 8, 1.0000, '2025-10-29 04:10:16', '2025-10-29 04:32:10'),
(6621, 58, 50, 2025, 9, 1.0000, '2025-10-29 04:10:16', '2025-10-29 04:32:10'),
(6622, 58, 50, 2025, 10, 0.9000, '2025-10-29 04:10:16', '2025-10-29 04:32:10'),
(6623, 58, 50, 2025, 11, 1.0000, '2025-10-29 04:10:16', '2025-10-29 04:32:10'),
(6624, 58, 50, 2025, 12, 1.0000, '2025-10-29 04:10:16', '2025-10-29 04:32:10'),
(6625, 58, 51, 2025, 1, 1.0000, '2025-10-29 04:10:16', '2025-10-29 04:32:10'),
(6626, 58, 51, 2025, 2, 1.0000, '2025-10-29 04:10:16', '2025-10-29 04:32:10'),
(6627, 58, 51, 2025, 3, 1.0000, '2025-10-29 04:10:16', '2025-10-29 04:32:10'),
(6628, 58, 51, 2025, 4, 1.0000, '2025-10-29 04:10:16', '2025-10-29 04:32:10'),
(6629, 58, 51, 2025, 5, 1.0000, '2025-10-29 04:10:16', '2025-10-29 04:32:10'),
(6630, 58, 51, 2025, 6, 1.0000, '2025-10-29 04:10:16', '2025-10-29 04:32:10'),
(6631, 58, 51, 2025, 7, 1.0000, '2025-10-29 04:10:16', '2025-10-29 04:32:10'),
(6632, 58, 51, 2025, 8, 1.0000, '2025-10-29 04:10:16', '2025-10-29 04:32:10'),
(6633, 58, 51, 2025, 9, 0.9000, '2025-10-29 04:10:16', '2025-10-29 04:32:10'),
(6634, 58, 51, 2025, 10, 1.0000, '2025-10-29 04:10:16', '2025-10-29 04:32:10'),
(6635, 58, 51, 2025, 11, 1.0000, '2025-10-29 04:10:16', '2025-10-29 04:32:10'),
(6636, 58, 51, 2025, 12, 1.0000, '2025-10-29 04:10:16', '2025-10-29 04:32:10'),
(6637, 59, 45, 2025, 1, 1.0000, '2025-10-29 04:10:16', '2025-10-29 04:32:10'),
(6638, 59, 45, 2025, 2, 1.0000, '2025-10-29 04:10:16', '2025-10-29 04:32:10'),
(6639, 59, 45, 2025, 3, 1.0000, '2025-10-29 04:10:16', '2025-10-29 04:32:10'),
(6640, 59, 45, 2025, 4, 1.0000, '2025-10-29 04:10:16', '2025-10-29 04:32:10'),
(6641, 59, 45, 2025, 5, 1.0000, '2025-10-29 04:10:16', '2025-10-29 04:32:10'),
(6642, 59, 45, 2025, 6, 1.0000, '2025-10-29 04:10:16', '2025-10-29 04:32:10'),
(6643, 59, 45, 2025, 7, 1.0000, '2025-10-29 04:10:16', '2025-10-29 04:32:10'),
(6644, 59, 45, 2025, 8, 1.0000, '2025-10-29 04:10:16', '2025-10-29 04:32:10'),
(6645, 59, 45, 2025, 9, 1.0000, '2025-10-29 04:10:16', '2025-10-29 04:32:10'),
(6646, 59, 45, 2025, 10, 1.0000, '2025-10-29 04:10:16', '2025-10-29 04:32:10'),
(6647, 59, 45, 2025, 11, 1.0000, '2025-10-29 04:10:16', '2025-10-29 04:32:10'),
(6648, 59, 45, 2025, 12, 0.9000, '2025-10-29 04:10:16', '2025-10-29 04:32:10'),
(6649, 59, 46, 2025, 1, 1.0000, '2025-10-29 04:10:16', '2025-10-29 04:32:10'),
(6650, 59, 46, 2025, 2, 1.0000, '2025-10-29 04:10:16', '2025-10-29 04:32:10'),
(6651, 59, 46, 2025, 3, 1.0000, '2025-10-29 04:10:16', '2025-10-29 04:32:10'),
(6652, 59, 46, 2025, 4, 1.0000, '2025-10-29 04:10:16', '2025-10-29 04:32:10'),
(6653, 59, 46, 2025, 5, 1.0000, '2025-10-29 04:10:16', '2025-10-29 04:32:10'),
(6654, 59, 46, 2025, 6, 0.9500, '2025-10-29 04:10:16', '2025-10-29 04:32:10'),
(6655, 59, 46, 2025, 7, 1.0000, '2025-10-29 04:10:16', '2025-10-29 04:32:10'),
(6656, 59, 46, 2025, 8, 1.0000, '2025-10-29 04:10:16', '2025-10-29 04:32:10'),
(6657, 59, 46, 2025, 9, 0.9500, '2025-10-29 04:10:16', '2025-10-29 04:32:10'),
(6658, 59, 46, 2025, 10, 1.0000, '2025-10-29 04:10:16', '2025-10-29 04:32:10'),
(6659, 59, 46, 2025, 11, 0.9500, '2025-10-29 04:10:16', '2025-10-29 04:32:10'),
(6660, 59, 46, 2025, 12, 1.0000, '2025-10-29 04:10:16', '2025-10-29 04:32:10'),
(6661, 59, 47, 2025, 1, 1.0000, '2025-10-29 04:10:16', '2025-10-29 04:32:10'),
(6662, 59, 47, 2025, 2, 0.9500, '2025-10-29 04:10:16', '2025-10-29 04:32:10'),
(6663, 59, 47, 2025, 3, 0.6700, '2025-10-29 04:10:16', '2025-10-29 04:32:10'),
(6664, 59, 47, 2025, 4, 0.7600, '2025-10-29 04:10:16', '2025-10-29 04:32:10'),
(6665, 59, 47, 2025, 5, 0.7500, '2025-10-29 04:10:16', '2025-10-29 04:32:10'),
(6666, 59, 47, 2025, 6, 0.7400, '2025-10-29 04:10:16', '2025-10-29 04:32:10'),
(6667, 59, 47, 2025, 7, 1.0000, '2025-10-29 04:10:16', '2025-10-29 04:32:10'),
(6668, 59, 47, 2025, 8, 0.9400, '2025-10-29 04:10:16', '2025-10-29 04:32:10'),
(6669, 59, 47, 2025, 9, 0.6900, '2025-10-29 04:10:16', '2025-10-29 04:32:10'),
(6670, 59, 47, 2025, 10, 0.6900, '2025-10-29 04:10:16', '2025-10-29 04:32:10'),
(6671, 59, 47, 2025, 11, 0.9600, '2025-10-29 04:10:16', '2025-10-29 04:32:10'),
(6672, 59, 47, 2025, 12, 0.9700, '2025-10-29 04:10:16', '2025-10-29 04:32:10'),
(6673, 59, 48, 2025, 1, 0.6900, '2025-10-29 04:10:16', '2025-10-29 04:32:10'),
(6674, 59, 48, 2025, 2, 0.7400, '2025-10-29 04:10:16', '2025-10-29 04:32:10'),
(6675, 59, 48, 2025, 3, 0.7600, '2025-10-29 04:10:16', '2025-10-29 04:32:10'),
(6676, 59, 48, 2025, 4, 0.8600, '2025-10-29 04:10:16', '2025-10-29 04:32:10'),
(6677, 59, 48, 2025, 5, 0.7500, '2025-10-29 04:10:16', '2025-10-29 04:32:10'),
(6678, 59, 48, 2025, 6, 0.8500, '2025-10-29 04:10:16', '2025-10-29 04:32:10'),
(6679, 59, 48, 2025, 7, 0.8600, '2025-10-29 04:10:16', '2025-10-29 04:32:10'),
(6680, 59, 48, 2025, 8, 0.8500, '2025-10-29 04:10:16', '2025-10-29 04:32:10'),
(6681, 59, 48, 2025, 9, 0.6800, '2025-10-29 04:10:16', '2025-10-29 04:32:10'),
(6682, 59, 48, 2025, 10, 0.7500, '2025-10-29 04:10:16', '2025-10-29 04:32:10'),
(6683, 59, 48, 2025, 11, 0.8300, '2025-10-29 04:10:16', '2025-10-29 04:32:10'),
(6684, 59, 48, 2025, 12, 0.9000, '2025-10-29 04:10:16', '2025-10-29 04:32:10'),
(6685, 59, 49, 2025, 1, 1.0000, '2025-10-29 04:10:16', '2025-10-29 04:32:10'),
(6686, 59, 49, 2025, 2, 0.9500, '2025-10-29 04:10:16', '2025-10-29 04:32:10'),
(6687, 59, 49, 2025, 3, 1.0000, '2025-10-29 04:10:16', '2025-10-29 04:32:10'),
(6688, 59, 49, 2025, 4, 0.9500, '2025-10-29 04:10:16', '2025-10-29 04:32:10'),
(6689, 59, 49, 2025, 5, 0.9000, '2025-10-29 04:10:16', '2025-10-29 04:32:10'),
(6690, 59, 49, 2025, 6, 0.9500, '2025-10-29 04:10:16', '2025-10-29 04:32:10'),
(6691, 59, 49, 2025, 7, 1.0000, '2025-10-29 04:10:16', '2025-10-29 04:32:10'),
(6692, 59, 49, 2025, 8, 0.9000, '2025-10-29 04:10:16', '2025-10-29 04:32:10'),
(6693, 59, 49, 2025, 9, 0.9500, '2025-10-29 04:10:16', '2025-10-29 04:32:10'),
(6694, 59, 49, 2025, 10, 1.0000, '2025-10-29 04:10:16', '2025-10-29 04:32:10'),
(6695, 59, 49, 2025, 11, 1.0000, '2025-10-29 04:10:16', '2025-10-29 04:32:10'),
(6696, 59, 49, 2025, 12, 0.9500, '2025-10-29 04:10:16', '2025-10-29 04:32:10'),
(6697, 59, 50, 2025, 1, 1.0000, '2025-10-29 04:10:16', '2025-10-29 04:32:10'),
(6698, 59, 50, 2025, 2, 1.0000, '2025-10-29 04:10:16', '2025-10-29 04:32:10'),
(6699, 59, 50, 2025, 3, 0.9000, '2025-10-29 04:10:16', '2025-10-29 04:32:10'),
(6700, 59, 50, 2025, 4, 1.0000, '2025-10-29 04:10:16', '2025-10-29 04:32:10'),
(6701, 59, 50, 2025, 5, 1.0000, '2025-10-29 04:10:16', '2025-10-29 04:32:10'),
(6702, 59, 50, 2025, 6, 1.0000, '2025-10-29 04:10:16', '2025-10-29 04:32:10'),
(6703, 59, 50, 2025, 7, 0.9000, '2025-10-29 04:10:17', '2025-10-29 04:32:10'),
(6704, 59, 50, 2025, 8, 1.0000, '2025-10-29 04:10:17', '2025-10-29 04:32:10'),
(6705, 59, 50, 2025, 9, 1.0000, '2025-10-29 04:10:17', '2025-10-29 04:32:10'),
(6706, 59, 50, 2025, 10, 1.0000, '2025-10-29 04:10:17', '2025-10-29 04:32:10'),
(6707, 59, 50, 2025, 11, 1.0000, '2025-10-29 04:10:17', '2025-10-29 04:32:10'),
(6708, 59, 50, 2025, 12, 1.0000, '2025-10-29 04:10:17', '2025-10-29 04:32:10'),
(6709, 59, 51, 2025, 1, 0.1000, '2025-10-29 04:10:17', '2025-10-29 04:32:10'),
(6710, 59, 51, 2025, 2, 1.0000, '2025-10-29 04:10:17', '2025-10-29 04:32:10'),
(6711, 59, 51, 2025, 3, 1.0000, '2025-10-29 04:10:17', '2025-10-29 04:32:10'),
(6712, 59, 51, 2025, 4, 1.0000, '2025-10-29 04:10:17', '2025-10-29 04:32:10'),
(6713, 59, 51, 2025, 5, 1.0000, '2025-10-29 04:10:17', '2025-10-29 04:32:10'),
(6714, 59, 51, 2025, 6, 1.0000, '2025-10-29 04:10:17', '2025-10-29 04:32:10'),
(6715, 59, 51, 2025, 7, 1.0000, '2025-10-29 04:10:17', '2025-10-29 04:32:10'),
(6716, 59, 51, 2025, 8, 1.0000, '2025-10-29 04:10:17', '2025-10-29 04:32:10'),
(6717, 59, 51, 2025, 9, 1.0000, '2025-10-29 04:10:17', '2025-10-29 04:32:10'),
(6718, 59, 51, 2025, 10, 1.0000, '2025-10-29 04:10:17', '2025-10-29 04:32:10'),
(6719, 59, 51, 2025, 11, 1.0000, '2025-10-29 04:10:17', '2025-10-29 04:32:10'),
(6720, 59, 51, 2025, 12, 0.9000, '2025-10-29 04:10:17', '2025-10-29 04:32:10'),
(6721, 60, 45, 2025, 1, 1.0000, '2025-10-29 04:10:17', '2025-10-29 04:32:10'),
(6722, 60, 45, 2025, 2, 1.0000, '2025-10-29 04:10:17', '2025-10-29 04:32:10'),
(6723, 60, 45, 2025, 3, 1.0000, '2025-10-29 04:10:17', '2025-10-29 04:32:10'),
(6724, 60, 45, 2025, 4, 1.0000, '2025-10-29 04:10:17', '2025-10-29 04:32:10'),
(6725, 60, 45, 2025, 5, 1.0000, '2025-10-29 04:10:17', '2025-10-29 04:32:10'),
(6726, 60, 45, 2025, 6, 1.0000, '2025-10-29 04:10:17', '2025-10-29 04:32:10'),
(6727, 60, 45, 2025, 7, 1.0000, '2025-10-29 04:10:17', '2025-10-29 04:32:10'),
(6728, 60, 45, 2025, 8, 1.0000, '2025-10-29 04:10:17', '2025-10-29 04:32:10'),
(6729, 60, 45, 2025, 9, 1.0000, '2025-10-29 04:10:17', '2025-10-29 04:32:10'),
(6730, 60, 45, 2025, 10, 0.9500, '2025-10-29 04:10:17', '2025-10-29 04:32:10'),
(6731, 60, 45, 2025, 11, 1.0000, '2025-10-29 04:10:17', '2025-10-29 04:32:10'),
(6732, 60, 45, 2025, 12, 0.9500, '2025-10-29 04:10:17', '2025-10-29 04:32:10'),
(6733, 60, 46, 2025, 1, 0.8000, '2025-10-29 04:10:17', '2025-10-29 04:32:10'),
(6734, 60, 46, 2025, 2, 1.0000, '2025-10-29 04:10:17', '2025-10-29 04:32:10'),
(6735, 60, 46, 2025, 3, 0.9500, '2025-10-29 04:10:17', '2025-10-29 04:32:10'),
(6736, 60, 46, 2025, 4, 1.0000, '2025-10-29 04:10:17', '2025-10-29 04:32:10'),
(6737, 60, 46, 2025, 5, 0.9000, '2025-10-29 04:10:17', '2025-10-29 04:32:10'),
(6738, 60, 46, 2025, 6, 0.9000, '2025-10-29 04:10:17', '2025-10-29 04:32:10'),
(6739, 60, 46, 2025, 7, 1.0000, '2025-10-29 04:10:17', '2025-10-29 04:32:10'),
(6740, 60, 46, 2025, 8, 1.0000, '2025-10-29 04:10:17', '2025-10-29 04:32:10'),
(6741, 60, 46, 2025, 9, 1.0000, '2025-10-29 04:10:17', '2025-10-29 04:32:10'),
(6742, 60, 46, 2025, 10, 1.0000, '2025-10-29 04:10:17', '2025-10-29 04:32:10'),
(6743, 60, 46, 2025, 11, 1.0000, '2025-10-29 04:10:17', '2025-10-29 04:32:10'),
(6744, 60, 46, 2025, 12, 1.0000, '2025-10-29 04:10:17', '2025-10-29 04:32:10'),
(6745, 60, 47, 2025, 1, 1.0000, '2025-10-29 04:10:17', '2025-10-29 04:32:10'),
(6746, 60, 47, 2025, 2, 1.0000, '2025-10-29 04:10:17', '2025-10-29 04:32:10'),
(6747, 60, 47, 2025, 3, 1.0000, '2025-10-29 04:10:17', '2025-10-29 04:32:10'),
(6748, 60, 47, 2025, 4, 0.9400, '2025-10-29 04:10:17', '2025-10-29 04:32:10'),
(6749, 60, 47, 2025, 5, 0.6900, '2025-10-29 04:10:17', '2025-10-29 04:32:10'),
(6750, 60, 47, 2025, 6, 0.6900, '2025-10-29 04:10:17', '2025-10-29 04:32:10'),
(6751, 60, 47, 2025, 7, 0.9600, '2025-10-29 04:10:17', '2025-10-29 04:32:10'),
(6752, 60, 47, 2025, 8, 0.9700, '2025-10-29 04:10:17', '2025-10-29 04:32:10'),
(6753, 60, 47, 2025, 9, 1.0000, '2025-10-29 04:10:17', '2025-10-29 04:32:10'),
(6754, 60, 47, 2025, 10, 1.0000, '2025-10-29 04:10:17', '2025-10-29 04:32:10'),
(6755, 60, 47, 2025, 11, 1.0000, '2025-10-29 04:10:17', '2025-10-29 04:32:10'),
(6756, 60, 47, 2025, 12, 0.9500, '2025-10-29 04:10:17', '2025-10-29 04:32:10'),
(6757, 60, 48, 2025, 1, 1.0000, '2025-10-29 04:10:17', '2025-10-29 04:32:10'),
(6758, 60, 48, 2025, 2, 1.0000, '2025-10-29 04:10:17', '2025-10-29 04:32:10'),
(6759, 60, 48, 2025, 3, 0.8600, '2025-10-29 04:10:17', '2025-10-29 04:32:10'),
(6760, 60, 48, 2025, 4, 0.8500, '2025-10-29 04:10:17', '2025-10-29 04:32:10'),
(6761, 60, 48, 2025, 5, 0.6800, '2025-10-29 04:10:17', '2025-10-29 04:32:10'),
(6762, 60, 48, 2025, 6, 0.7500, '2025-10-29 04:10:17', '2025-10-29 04:32:10'),
(6763, 60, 48, 2025, 7, 0.8300, '2025-10-29 04:10:17', '2025-10-29 04:32:10'),
(6764, 60, 48, 2025, 8, 0.9000, '2025-10-29 04:10:17', '2025-10-29 04:32:10'),
(6765, 60, 48, 2025, 9, 0.9500, '2025-10-29 04:10:17', '2025-10-29 04:32:10'),
(6766, 60, 48, 2025, 10, 0.9000, '2025-10-29 04:10:17', '2025-10-29 04:32:10'),
(6767, 60, 48, 2025, 11, 1.0000, '2025-10-29 04:10:17', '2025-10-29 04:32:10'),
(6768, 60, 48, 2025, 12, 1.0000, '2025-10-29 04:10:17', '2025-10-29 04:32:10'),
(6769, 60, 49, 2025, 1, 0.8000, '2025-10-29 04:10:17', '2025-10-29 04:32:10'),
(6770, 60, 49, 2025, 2, 0.8500, '2025-10-29 04:10:17', '2025-10-29 04:32:10'),
(6771, 60, 49, 2025, 3, 1.0000, '2025-10-29 04:10:17', '2025-10-29 04:32:10'),
(6772, 60, 49, 2025, 4, 0.9500, '2025-10-29 04:10:17', '2025-10-29 04:32:10'),
(6773, 60, 49, 2025, 5, 0.9000, '2025-10-29 04:10:17', '2025-10-29 04:32:10'),
(6774, 60, 49, 2025, 6, 1.0000, '2025-10-29 04:10:17', '2025-10-29 04:32:10'),
(6775, 60, 49, 2025, 7, 1.0000, '2025-10-29 04:10:17', '2025-10-29 04:32:10'),
(6776, 60, 49, 2025, 8, 1.0000, '2025-10-29 04:10:17', '2025-10-29 04:32:10'),
(6777, 60, 49, 2025, 9, 0.9500, '2025-10-29 04:10:17', '2025-10-29 04:32:10'),
(6778, 60, 49, 2025, 10, 1.0000, '2025-10-29 04:10:17', '2025-10-29 04:32:10'),
(6779, 60, 49, 2025, 11, 0.9500, '2025-10-29 04:10:17', '2025-10-29 04:32:10'),
(6780, 60, 49, 2025, 12, 1.0000, '2025-10-29 04:10:17', '2025-10-29 04:32:10'),
(6781, 60, 50, 2025, 1, 1.0000, '2025-10-29 04:10:17', '2025-10-29 04:32:10'),
(6782, 60, 50, 2025, 2, 1.0000, '2025-10-29 04:10:17', '2025-10-29 04:32:10'),
(6783, 60, 50, 2025, 3, 1.0000, '2025-10-29 04:10:17', '2025-10-29 04:32:10'),
(6784, 60, 50, 2025, 4, 1.0000, '2025-10-29 04:10:17', '2025-10-29 04:32:10'),
(6785, 60, 50, 2025, 5, 1.0000, '2025-10-29 04:10:17', '2025-10-29 04:32:10'),
(6786, 60, 50, 2025, 6, 1.0000, '2025-10-29 04:10:17', '2025-10-29 04:32:10'),
(6787, 60, 50, 2025, 7, 0.9000, '2025-10-29 04:10:17', '2025-10-29 04:32:10'),
(6788, 60, 50, 2025, 8, 1.0000, '2025-10-29 04:10:17', '2025-10-29 04:32:10'),
(6789, 60, 50, 2025, 9, 1.0000, '2025-10-29 04:10:17', '2025-10-29 04:32:10'),
(6790, 60, 50, 2025, 10, 1.0000, '2025-10-29 04:10:17', '2025-10-29 04:32:10'),
(6791, 60, 50, 2025, 11, 1.0000, '2025-10-29 04:10:17', '2025-10-29 04:32:10'),
(6792, 60, 50, 2025, 12, 0.9000, '2025-10-29 04:10:17', '2025-10-29 04:32:10'),
(6793, 60, 51, 2025, 1, 1.0000, '2025-10-29 04:16:32', '2025-10-29 04:32:10'),
(6794, 60, 51, 2025, 2, 1.0000, '2025-10-29 04:16:32', '2025-10-29 04:32:10'),
(6795, 60, 51, 2025, 3, 1.0000, '2025-10-29 04:16:32', '2025-10-29 04:32:10'),
(6796, 60, 51, 2025, 4, 1.0000, '2025-10-29 04:16:32', '2025-10-29 04:32:10'),
(6797, 60, 51, 2025, 5, 1.0000, '2025-10-29 04:16:32', '2025-10-29 04:32:10'),
(6798, 60, 51, 2025, 6, 1.0000, '2025-10-29 04:16:32', '2025-10-29 04:32:10'),
(6799, 60, 51, 2025, 7, 1.0000, '2025-10-29 04:16:32', '2025-10-29 04:32:10'),
(6800, 60, 51, 2025, 8, 1.0000, '2025-10-29 04:16:32', '2025-10-29 04:32:10'),
(6801, 60, 51, 2025, 9, 1.0000, '2025-10-29 04:16:32', '2025-10-29 04:32:10'),
(6802, 60, 51, 2025, 10, 0.9000, '2025-10-29 04:16:32', '2025-10-29 04:32:10'),
(6803, 60, 51, 2025, 11, 1.0000, '2025-10-29 04:16:32', '2025-10-29 04:32:10'),
(6804, 60, 51, 2025, 12, 1.0000, '2025-10-29 04:16:32', '2025-10-29 04:32:10'),
(6805, 51, 37, 2025, 1, 1.0000, '2025-10-29 04:32:09', '2025-10-29 04:32:09'),
(6806, 51, 37, 2025, 2, 0.7600, '2025-10-29 04:32:09', '2025-10-29 04:32:09'),
(6807, 51, 37, 2025, 3, 0.7600, '2025-10-29 04:32:09', '2025-10-29 04:32:09'),
(6808, 51, 37, 2025, 4, 0.8400, '2025-10-29 04:32:09', '2025-10-29 04:32:09'),
(6809, 51, 37, 2025, 5, 0.9900, '2025-10-29 04:32:09', '2025-10-29 04:32:09'),
(6810, 51, 37, 2025, 6, 0.8600, '2025-10-29 04:32:09', '2025-10-29 04:32:09'),
(6811, 51, 37, 2025, 7, 0.8900, '2025-10-29 04:32:09', '2025-10-29 04:32:09'),
(6812, 51, 37, 2025, 8, 1.0000, '2025-10-29 04:32:09', '2025-10-29 04:32:09'),
(6813, 51, 37, 2025, 9, 0.8900, '2025-10-29 04:32:09', '2025-10-29 04:32:09'),
(6814, 51, 37, 2025, 10, 1.0000, '2025-10-29 04:32:09', '2025-10-29 04:32:09'),
(6815, 51, 37, 2025, 11, 1.0000, '2025-10-29 04:32:09', '2025-10-29 04:32:09'),
(6816, 51, 37, 2025, 12, 1.0000, '2025-10-29 04:32:09', '2025-10-29 04:32:09'),
(6817, 51, 38, 2025, 1, 1.0000, '2025-10-29 04:32:09', '2025-10-29 04:32:09'),
(6818, 51, 38, 2025, 2, 0.7400, '2025-10-29 04:32:09', '2025-10-29 04:32:09'),
(6819, 51, 38, 2025, 3, 0.9100, '2025-10-29 04:32:09', '2025-10-29 04:32:09'),
(6820, 51, 38, 2025, 4, 0.6900, '2025-10-29 04:32:09', '2025-10-29 04:32:09'),
(6821, 51, 38, 2025, 5, 0.8100, '2025-10-29 04:32:09', '2025-10-29 04:32:09'),
(6822, 51, 38, 2025, 6, 0.8800, '2025-10-29 04:32:09', '2025-10-29 04:32:09'),
(6823, 51, 38, 2025, 7, 0.6700, '2025-10-29 04:32:09', '2025-10-29 04:32:09'),
(6824, 51, 38, 2025, 8, 1.0000, '2025-10-29 04:32:09', '2025-10-29 04:32:09'),
(6825, 51, 38, 2025, 9, 1.0000, '2025-10-29 04:32:09', '2025-10-29 04:32:09'),
(6826, 51, 38, 2025, 10, 1.0000, '2025-10-29 04:32:09', '2025-10-29 04:32:09'),
(6827, 51, 38, 2025, 11, 1.0000, '2025-10-29 04:32:09', '2025-10-29 04:32:09'),
(6828, 51, 38, 2025, 12, 1.0000, '2025-10-29 04:32:09', '2025-10-29 04:32:09'),
(6829, 51, 39, 2025, 1, 1.0000, '2025-10-29 04:32:09', '2025-10-29 04:32:09'),
(6830, 51, 39, 2025, 2, 1.0000, '2025-10-29 04:32:09', '2025-10-29 04:32:09'),
(6831, 51, 39, 2025, 3, 1.0000, '2025-10-29 04:32:09', '2025-10-29 04:32:09'),
(6832, 51, 39, 2025, 4, 1.0000, '2025-10-29 04:32:09', '2025-10-29 04:32:09'),
(6833, 51, 39, 2025, 5, 0.8000, '2025-10-29 04:32:09', '2025-10-29 04:32:09'),
(6834, 51, 39, 2025, 6, 0.6500, '2025-10-29 04:32:09', '2025-10-29 04:32:09'),
(6835, 51, 39, 2025, 7, 0.6600, '2025-10-29 04:32:09', '2025-10-29 04:32:09'),
(6836, 51, 39, 2025, 8, 0.8400, '2025-10-29 04:32:09', '2025-10-29 04:32:09'),
(6837, 51, 39, 2025, 9, 0.7400, '2025-10-29 04:32:09', '2025-10-29 04:32:09'),
(6838, 51, 39, 2025, 10, 0.8000, '2025-10-29 04:32:09', '2025-10-29 04:32:09'),
(6839, 51, 39, 2025, 11, 1.0000, '2025-10-29 04:32:09', '2025-10-29 04:32:09'),
(6840, 51, 39, 2025, 12, 1.0000, '2025-10-29 04:32:09', '2025-10-29 04:32:09'),
(6841, 51, 40, 2025, 1, 1.0000, '2025-10-29 04:32:09', '2025-10-29 04:32:09'),
(6842, 51, 40, 2025, 2, 1.0000, '2025-10-29 04:32:09', '2025-10-29 04:32:09'),
(6843, 51, 40, 2025, 3, 1.0000, '2025-10-29 04:32:09', '2025-10-29 04:32:09'),
(6844, 51, 40, 2025, 4, 1.0000, '2025-10-29 04:32:09', '2025-10-29 04:32:09'),
(6845, 51, 40, 2025, 5, 0.6800, '2025-10-29 04:32:09', '2025-10-29 04:32:09'),
(6846, 51, 40, 2025, 6, 0.7500, '2025-10-29 04:32:09', '2025-10-29 04:32:09'),
(6847, 51, 40, 2025, 7, 0.7900, '2025-10-29 04:32:09', '2025-10-29 04:32:09'),
(6848, 51, 40, 2025, 8, 0.7000, '2025-10-29 04:32:09', '2025-10-29 04:32:09'),
(6849, 51, 40, 2025, 9, 0.9900, '2025-10-29 04:32:09', '2025-10-29 04:32:09'),
(6850, 51, 40, 2025, 10, 0.8200, '2025-10-29 04:32:09', '2025-10-29 04:32:09'),
(6851, 51, 40, 2025, 11, 1.0000, '2025-10-29 04:32:09', '2025-10-29 04:32:09'),
(6852, 51, 40, 2025, 12, 1.0000, '2025-10-29 04:32:09', '2025-10-29 04:32:09'),
(6853, 51, 41, 2025, 1, 1.0000, '2025-10-29 04:32:09', '2025-10-29 04:32:09'),
(6854, 51, 41, 2025, 2, 1.0000, '2025-10-29 04:32:09', '2025-10-29 04:32:09'),
(6855, 51, 41, 2025, 3, 1.0000, '2025-10-29 04:32:09', '2025-10-29 04:32:09'),
(6856, 51, 41, 2025, 4, 1.0000, '2025-10-29 04:32:09', '2025-10-29 04:32:09'),
(6857, 51, 41, 2025, 5, 0.9900, '2025-10-29 04:32:09', '2025-10-29 04:32:09'),
(6858, 51, 41, 2025, 6, 1.0000, '2025-10-29 04:32:09', '2025-10-29 04:32:09'),
(6859, 51, 41, 2025, 7, 0.9700, '2025-10-29 04:32:09', '2025-10-29 04:32:09'),
(6860, 51, 41, 2025, 8, 1.0000, '2025-10-29 04:32:09', '2025-10-29 04:32:09'),
(6861, 51, 41, 2025, 9, 1.0000, '2025-10-29 04:32:09', '2025-10-29 04:32:09'),
(6862, 51, 41, 2025, 10, 1.0000, '2025-10-29 04:32:09', '2025-10-29 04:32:09'),
(6863, 51, 41, 2025, 11, 1.0000, '2025-10-29 04:32:09', '2025-10-29 04:32:09'),
(6864, 51, 41, 2025, 12, 1.0000, '2025-10-29 04:32:09', '2025-10-29 04:32:09'),
(6865, 51, 42, 2025, 1, 1.0000, '2025-10-29 04:32:09', '2025-10-29 04:32:09'),
(6866, 51, 42, 2025, 2, 1.0000, '2025-10-29 04:32:09', '2025-10-29 04:32:09'),
(6867, 51, 42, 2025, 3, 1.0000, '2025-10-29 04:32:09', '2025-10-29 04:32:09'),
(6868, 51, 42, 2025, 4, 1.0000, '2025-10-29 04:32:09', '2025-10-29 04:32:09'),
(6869, 51, 42, 2025, 5, 1.0000, '2025-10-29 04:32:09', '2025-10-29 04:32:09'),
(6870, 51, 42, 2025, 6, 1.0000, '2025-10-29 04:32:09', '2025-10-29 04:32:09'),
(6871, 51, 42, 2025, 7, 1.0000, '2025-10-29 04:32:09', '2025-10-29 04:32:09'),
(6872, 51, 42, 2025, 8, 1.0000, '2025-10-29 04:32:09', '2025-10-29 04:32:09'),
(6873, 51, 42, 2025, 9, 1.0000, '2025-10-29 04:32:09', '2025-10-29 04:32:09'),
(6874, 51, 42, 2025, 10, 1.0000, '2025-10-29 04:32:09', '2025-10-29 04:32:09'),
(6875, 51, 42, 2025, 11, 1.0000, '2025-10-29 04:32:09', '2025-10-29 04:32:09'),
(6876, 51, 42, 2025, 12, 1.0000, '2025-10-29 04:32:09', '2025-10-29 04:32:09'),
(6877, 51, 43, 2025, 1, 0.7900, '2025-10-29 04:32:09', '2025-10-29 04:32:09'),
(6878, 51, 43, 2025, 2, 0.9000, '2025-10-29 04:32:09', '2025-10-29 04:32:09'),
(6879, 51, 43, 2025, 3, 0.7500, '2025-10-29 04:32:09', '2025-10-29 04:32:09');
INSERT INTO `kpi_nilais` (`id`, `karyawan_id`, `sub_kriteria_id`, `tahun`, `bulan`, `nilai`, `created_at`, `updated_at`) VALUES
(6880, 51, 43, 2025, 4, 0.9100, '2025-10-29 04:32:09', '2025-10-29 04:32:09'),
(6881, 51, 43, 2025, 5, 0.7600, '2025-10-29 04:32:09', '2025-10-29 04:32:09'),
(6882, 51, 43, 2025, 6, 0.9500, '2025-10-29 04:32:09', '2025-10-29 04:32:09'),
(6883, 51, 43, 2025, 7, 0.9000, '2025-10-29 04:32:09', '2025-10-29 04:32:09'),
(6884, 51, 43, 2025, 8, 1.0000, '2025-10-29 04:32:09', '2025-10-29 04:32:09'),
(6885, 51, 43, 2025, 9, 0.8000, '2025-10-29 04:32:09', '2025-10-29 04:32:09'),
(6886, 51, 43, 2025, 10, 0.9900, '2025-10-29 04:32:09', '2025-10-29 04:32:09'),
(6887, 51, 43, 2025, 11, 1.0000, '2025-10-29 04:32:09', '2025-10-29 04:32:09'),
(6888, 51, 43, 2025, 12, 1.0000, '2025-10-29 04:32:09', '2025-10-29 04:32:09'),
(6889, 51, 44, 2025, 1, 0.9300, '2025-10-29 04:32:09', '2025-10-29 04:32:09'),
(6890, 51, 44, 2025, 2, 0.8800, '2025-10-29 04:32:09', '2025-10-29 04:32:09'),
(6891, 51, 44, 2025, 3, 0.7000, '2025-10-29 04:32:09', '2025-10-29 04:32:09'),
(6892, 51, 44, 2025, 4, 0.7700, '2025-10-29 04:32:09', '2025-10-29 04:32:09'),
(6893, 51, 44, 2025, 5, 0.8000, '2025-10-29 04:32:09', '2025-10-29 04:32:09'),
(6894, 51, 44, 2025, 6, 0.6500, '2025-10-29 04:32:09', '2025-10-29 04:32:09'),
(6895, 51, 44, 2025, 7, 1.0000, '2025-10-29 04:32:09', '2025-10-29 04:32:09'),
(6896, 51, 44, 2025, 8, 0.9500, '2025-10-29 04:32:09', '2025-10-29 04:32:09'),
(6897, 51, 44, 2025, 9, 1.0000, '2025-10-29 04:32:09', '2025-10-29 04:32:09'),
(6898, 51, 44, 2025, 10, 1.0000, '2025-10-29 04:32:09', '2025-10-29 04:32:09'),
(6899, 51, 44, 2025, 11, 1.0000, '2025-10-29 04:32:09', '2025-10-29 04:32:09'),
(6900, 51, 44, 2025, 12, 0.8000, '2025-10-29 04:32:09', '2025-10-29 04:32:09');

-- --------------------------------------------------------

--
-- Table structure for table `kriteria`
--

CREATE TABLE `kriteria` (
  `id` bigint(20) UNSIGNED NOT NULL,
  `kode_kriteria` varchar(10) NOT NULL,
  `nama_kriteria` varchar(100) NOT NULL,
  `bobot` decimal(5,4) NOT NULL DEFAULT 0.0000,
  `jabatan` enum('Operator','Mekanik','HSSE') DEFAULT NULL,
  `tipe` enum('benefit','cost') NOT NULL DEFAULT 'benefit',
  `created_at` timestamp NULL DEFAULT NULL,
  `updated_at` timestamp NULL DEFAULT NULL
) ENGINE=InnoDB DEFAULT CHARSET=utf8mb4 COLLATE=utf8mb4_unicode_ci;

--
-- Dumping data for table `kriteria`
--

INSERT INTO `kriteria` (`id`, `kode_kriteria`, `nama_kriteria`, `bobot`, `jabatan`, `tipe`, `created_at`, `updated_at`) VALUES
(15, 'OP1', 'PRODUKTIVITAS', 0.4500, 'Operator', 'benefit', '2025-10-29 03:59:52', '2025-10-29 03:59:52'),
(16, 'OP2', 'KESELEMATAN & KESEHATAN KERJA (K3)', 0.2000, 'Operator', 'benefit', '2025-10-29 03:59:52', '2025-10-29 03:59:52'),
(17, 'OP3', 'EFISIENSI BAHAN BAKAR & ALAT', 0.2000, 'Operator', 'cost', '2025-10-29 03:59:52', '2025-10-29 03:59:52'),
(18, 'OP4', 'SIKAP & DISIPLIN', 0.1500, 'Operator', 'benefit', '2025-10-29 03:59:52', '2025-10-29 03:59:52'),
(19, 'MK1', 'PRODUKTIVITAS', 0.4000, 'Mekanik', 'benefit', '2025-10-29 03:59:52', '2025-10-29 03:59:52'),
(20, 'MK2', 'KESELEMATAN & KESEHATAN KERJA (K3)', 0.2500, 'Mekanik', 'benefit', '2025-10-29 03:59:52', '2025-10-29 03:59:52'),
(21, 'MK3', 'MANAJEMEN SPARE PART', 0.2000, 'Mekanik', 'cost', '2025-10-29 03:59:52', '2025-10-29 03:59:52'),
(22, 'MK4', 'SIKAP & DISIPLIN', 0.1500, 'Mekanik', 'benefit', '2025-10-29 03:59:52', '2025-10-29 03:59:52'),
(23, 'HS1', 'KESELEMATAN KERJA', 0.5000, 'HSSE', 'benefit', '2025-10-29 03:59:52', '2025-10-29 03:59:52'),
(24, 'HS2', 'KESEHATAN KERJA', 0.2000, 'HSSE', 'benefit', '2025-10-29 03:59:52', '2025-10-29 03:59:52'),
(25, 'HS3', 'KEAMANAN', 0.2000, 'HSSE', 'benefit', '2025-10-29 03:59:52', '2025-10-29 03:59:52'),
(26, 'HS4', 'LINGKUNGAN', 0.1000, 'HSSE', 'benefit', '2025-10-29 03:59:52', '2025-10-29 03:59:52');

-- --------------------------------------------------------

--
-- Table structure for table `migrations`
--

CREATE TABLE `migrations` (
  `id` int(10) UNSIGNED NOT NULL,
  `migration` varchar(255) NOT NULL,
  `batch` int(11) NOT NULL
) ENGINE=InnoDB DEFAULT CHARSET=utf8mb4 COLLATE=utf8mb4_unicode_ci;

--
-- Dumping data for table `migrations`
--

INSERT INTO `migrations` (`id`, `migration`, `batch`) VALUES
(1, '2014_10_12_000000_create_users_table', 1),
(2, '2014_10_12_100000_create_password_reset_tokens_table', 1),
(3, '2019_08_19_000000_create_failed_jobs_table', 1),
(4, '2019_12_14_000001_create_personal_access_tokens_table', 1),
(5, '2025_04_18_054603_create_kriteria_table', 1),
(6, '2025_09_17_085146_create_sub_kriteria_table', 1),
(7, '2025_10_08_061954_create_karyawans_table', 2),
(8, '2025_10_08_062034_create_kpi_nilais_table', 2),
(9, '2025_10_26_105330_add_role_to_users_table', 3),
(10, '2025_10_27_124328_create_password_resets_table', 3);

-- --------------------------------------------------------

--
-- Table structure for table `password_resets`
--

CREATE TABLE `password_resets` (
  `email` varchar(255) NOT NULL,
  `token` varchar(255) NOT NULL,
  `created_at` timestamp NULL DEFAULT NULL
) ENGINE=InnoDB DEFAULT CHARSET=utf8mb4 COLLATE=utf8mb4_unicode_ci;

-- --------------------------------------------------------

--
-- Table structure for table `password_reset_tokens`
--

CREATE TABLE `password_reset_tokens` (
  `email` varchar(255) NOT NULL,
  `token` varchar(255) NOT NULL,
  `created_at` timestamp NULL DEFAULT NULL
) ENGINE=InnoDB DEFAULT CHARSET=utf8mb4 COLLATE=utf8mb4_unicode_ci;

-- --------------------------------------------------------

--
-- Table structure for table `personal_access_tokens`
--

CREATE TABLE `personal_access_tokens` (
  `id` bigint(20) UNSIGNED NOT NULL,
  `tokenable_type` varchar(255) NOT NULL,
  `tokenable_id` bigint(20) UNSIGNED NOT NULL,
  `name` varchar(255) NOT NULL,
  `token` varchar(64) NOT NULL,
  `abilities` text DEFAULT NULL,
  `last_used_at` timestamp NULL DEFAULT NULL,
  `expires_at` timestamp NULL DEFAULT NULL,
  `created_at` timestamp NULL DEFAULT NULL,
  `updated_at` timestamp NULL DEFAULT NULL
) ENGINE=InnoDB DEFAULT CHARSET=utf8mb4 COLLATE=utf8mb4_unicode_ci;

-- --------------------------------------------------------

--
-- Table structure for table `sub_kriteria`
--

CREATE TABLE `sub_kriteria` (
  `id` bigint(20) UNSIGNED NOT NULL,
  `kriteria_id` bigint(20) UNSIGNED NOT NULL,
  `kode_sub` varchar(20) NOT NULL,
  `nama_sub_kriteria` varchar(150) NOT NULL,
  `bobot` decimal(5,4) NOT NULL DEFAULT 0.0000,
  `created_at` timestamp NULL DEFAULT NULL,
  `updated_at` timestamp NULL DEFAULT NULL
) ENGINE=InnoDB DEFAULT CHARSET=utf8mb4 COLLATE=utf8mb4_unicode_ci;

--
-- Dumping data for table `sub_kriteria`
--

INSERT INTO `sub_kriteria` (`id`, `kriteria_id`, `kode_sub`, `nama_sub_kriteria`, `bobot`, `created_at`, `updated_at`) VALUES
(29, 15, 'OP1.1', 'Volume material yang dipindahkan/diangkut (ton/jam)', 0.2500, '2025-10-29 03:59:52', '2025-10-29 03:59:52'),
(30, 15, 'OP1.2', 'Waktu efektif operasional dibandingkan total jam kerja (utilisasi alat)', 0.2000, '2025-10-29 03:59:52', '2025-10-29 03:59:52'),
(31, 16, 'OP2.1', 'Kepatuhan terhadap SOP dan aturan K3', 0.1000, '2025-10-29 03:59:52', '2025-10-29 03:59:52'),
(32, 16, 'OP2.2', 'Jumlah insiden atau kecelakaan kerja', 0.1000, '2025-10-29 03:59:52', '2025-10-29 03:59:52'),
(33, 17, 'OP3.1', 'Konsumsi bahan bakar per jam operasional (liter/jam)', 0.1000, '2025-10-29 03:59:52', '2025-10-29 03:59:52'),
(34, 17, 'OP3.2', 'Kepatuhan terhadap jadwal perawatan harian (daily inspection)', 0.1000, '2025-10-29 03:59:52', '2025-10-29 03:59:52'),
(35, 18, 'OP4.1', 'Kehadiran dan ketepatan waktu kerja', 0.1000, '2025-10-29 03:59:52', '2025-10-29 03:59:52'),
(36, 18, 'OP4.2', 'Kepatuhan terhadap instruksi atasan dan tim kerja', 0.0500, '2025-10-29 03:59:52', '2025-10-29 03:59:52'),
(37, 19, 'MK1.1', 'Jumlah pekerjaan perbaikan dan perawatan yang selesai tepat waktu', 0.2500, '2025-10-29 03:59:52', '2025-10-29 03:59:52'),
(38, 19, 'MK1.2', 'Zero kesalahan Pengecekan keseluruhan UNIT', 0.1500, '2025-10-29 03:59:52', '2025-10-29 03:59:52'),
(39, 20, 'MK2.1', 'Kepatuhan terhadap SOP perawatan dan perbaikan alat', 0.1500, '2025-10-29 03:59:52', '2025-10-29 03:59:52'),
(40, 20, 'MK2.2', 'Jumlah insiden akibat kelalaian mekanik', 0.1000, '2025-10-29 03:59:52', '2025-10-29 03:59:52'),
(41, 21, 'MK3.1', 'Penggunaan spare part sesuai standar kebutuhan', 0.1000, '2025-10-29 03:59:52', '2025-10-29 03:59:52'),
(42, 21, 'MK3.2', 'Zero kehilangan tools', 0.1000, '2025-10-29 03:59:52', '2025-10-29 03:59:52'),
(43, 22, 'MK4.1', 'Kehadiran dan ketepatan waktu kerja', 0.1000, '2025-10-29 03:59:52', '2025-10-29 03:59:52'),
(44, 22, 'MK4.2', 'Kepatuhan terhadap instruksi atasan dan tim kerja', 0.0500, '2025-10-29 03:59:52', '2025-10-29 03:59:52'),
(45, 23, 'HS1.1', 'Jumlah kecelakaan kerja', 0.3000, '2025-10-29 03:59:52', '2025-10-29 03:59:52'),
(46, 23, 'HS1.2', 'Jumlah insiden ringan', 0.2000, '2025-10-29 03:59:52', '2025-10-29 03:59:52'),
(47, 24, 'HS2.1', 'Persentase pekerja yang mengikuti pemeriksaan kesehatan', 0.1000, '2025-10-29 03:59:52', '2025-10-29 03:59:52'),
(48, 24, 'HS2.2', 'Jumlah kasus penyakit akibat kerja', 0.1000, '2025-10-29 03:59:52', '2025-10-29 03:59:52'),
(49, 25, 'HS3.1', 'Jumlah pelanggaran keamanan di area tambang', 0.1000, '2025-10-29 03:59:52', '2025-10-29 03:59:52'),
(50, 25, 'HS3.2', 'Kepatuhan terhadap prosedur akses masuk area tambang', 0.1000, '2025-10-29 03:59:52', '2025-10-29 03:59:52'),
(51, 26, 'HS4.1', 'Kepatuhan terhadap regulasi lingkungan', 0.1000, '2025-10-29 03:59:52', '2025-10-29 03:59:52');

-- --------------------------------------------------------

--
-- Table structure for table `users`
--

CREATE TABLE `users` (
  `id` bigint(20) UNSIGNED NOT NULL,
  `name` varchar(255) NOT NULL,
  `email` varchar(255) NOT NULL,
  `email_verified_at` timestamp NULL DEFAULT NULL,
  `password` varchar(255) NOT NULL,
  `remember_token` varchar(100) DEFAULT NULL,
  `created_at` timestamp NULL DEFAULT NULL,
  `updated_at` timestamp NULL DEFAULT NULL,
  `role` int(11) NOT NULL DEFAULT 1
) ENGINE=InnoDB DEFAULT CHARSET=utf8mb4 COLLATE=utf8mb4_unicode_ci;

--
-- Dumping data for table `users`
--

INSERT INTO `users` (`id`, `name`, `email`, `email_verified_at`, `password`, `remember_token`, `created_at`, `updated_at`, `role`) VALUES
(1, 'Admin TMMS', 'admin@example.com', NULL, '$2y$10$p9/z5iGI0oABL.s0EzQvzOppTUMxR2q3RarBUTB71CuI6pn2fU0Y6', 'dCpGJyGcqLqyHxIuyfHOMSCMmgVajVmt5gBZL41w1gCr69KRAcMEyMzzpJN6', '2025-10-07 22:17:50', '2025-10-07 22:17:50', 1),
(2, 'Admin TMMS', 'admin@gmail.com', NULL, '$2y$10$Y6xi./U/VpWhQO.Hj3npDOdldTbg2qSvHFcbPdGytwk///6o6mvIO', NULL, '2025-10-28 04:47:04', '2025-10-28 04:47:04', 1),
(3, 'Atasan TMMS', 'atasan@gmail.com', NULL, '$2y$10$B153Vr.KafoRS.2P5ssJCei24CtBUKlKzDxQahp62Tiw85HmcV6k6', NULL, '2025-10-28 04:47:04', '2025-10-28 04:47:04', 2),
(4, 'Nahdiah Asrani', 'nahdiahasrani@gmail.com', NULL, '$2y$10$NI7W4/YBmy.TtdUH5yFtU.a7h.c/SfllzKt0KxJRVY8IOEAHYDXCW', NULL, '2025-10-28 04:52:55', '2025-10-28 04:52:55', 1);

--
-- Indexes for dumped tables
--

--
-- Indexes for table `failed_jobs`
--
ALTER TABLE `failed_jobs`
  ADD PRIMARY KEY (`id`),
  ADD UNIQUE KEY `failed_jobs_uuid_unique` (`uuid`);

--
-- Indexes for table `karyawans`
--
ALTER TABLE `karyawans`
  ADD PRIMARY KEY (`id`),
  ADD UNIQUE KEY `karyawans_kode_unique` (`kode`),
  ADD KEY `karyawans_nama_jabatan_index` (`nama`,`jabatan`);

--
-- Indexes for table `kpi_nilais`
--
ALTER TABLE `kpi_nilais`
  ADD PRIMARY KEY (`id`),
  ADD UNIQUE KEY `kpi_nilais_karyawan_id_sub_kriteria_id_tahun_bulan_unique` (`karyawan_id`,`sub_kriteria_id`,`tahun`,`bulan`),
  ADD KEY `kpi_nilais_sub_kriteria_id_foreign` (`sub_kriteria_id`),
  ADD KEY `kpi_nilais_tahun_bulan_index` (`tahun`,`bulan`);

--
-- Indexes for table `kriteria`
--
ALTER TABLE `kriteria`
  ADD PRIMARY KEY (`id`),
  ADD UNIQUE KEY `kriteria_kode_kriteria_unique` (`kode_kriteria`),
  ADD KEY `kriteria_nama_kriteria_index` (`nama_kriteria`);

--
-- Indexes for table `migrations`
--
ALTER TABLE `migrations`
  ADD PRIMARY KEY (`id`);

--
-- Indexes for table `password_resets`
--
ALTER TABLE `password_resets`
  ADD KEY `password_resets_email_index` (`email`);

--
-- Indexes for table `password_reset_tokens`
--
ALTER TABLE `password_reset_tokens`
  ADD PRIMARY KEY (`email`);

--
-- Indexes for table `personal_access_tokens`
--
ALTER TABLE `personal_access_tokens`
  ADD PRIMARY KEY (`id`),
  ADD UNIQUE KEY `personal_access_tokens_token_unique` (`token`),
  ADD KEY `personal_access_tokens_tokenable_type_tokenable_id_index` (`tokenable_type`,`tokenable_id`);

--
-- Indexes for table `sub_kriteria`
--
ALTER TABLE `sub_kriteria`
  ADD PRIMARY KEY (`id`),
  ADD UNIQUE KEY `sub_kriteria_kriteria_id_kode_sub_unique` (`kriteria_id`,`kode_sub`),
  ADD KEY `sub_kriteria_kriteria_id_nama_sub_kriteria_index` (`kriteria_id`,`nama_sub_kriteria`);

--
-- Indexes for table `users`
--
ALTER TABLE `users`
  ADD PRIMARY KEY (`id`),
  ADD UNIQUE KEY `users_email_unique` (`email`);

--
-- AUTO_INCREMENT for dumped tables
--

--
-- AUTO_INCREMENT for table `failed_jobs`
--
ALTER TABLE `failed_jobs`
  MODIFY `id` bigint(20) UNSIGNED NOT NULL AUTO_INCREMENT;

--
-- AUTO_INCREMENT for table `karyawans`
--
ALTER TABLE `karyawans`
  MODIFY `id` bigint(20) UNSIGNED NOT NULL AUTO_INCREMENT, AUTO_INCREMENT=61;

--
-- AUTO_INCREMENT for table `kpi_nilais`
--
ALTER TABLE `kpi_nilais`
  MODIFY `id` bigint(20) UNSIGNED NOT NULL AUTO_INCREMENT, AUTO_INCREMENT=6901;

--
-- AUTO_INCREMENT for table `kriteria`
--
ALTER TABLE `kriteria`
  MODIFY `id` bigint(20) UNSIGNED NOT NULL AUTO_INCREMENT, AUTO_INCREMENT=27;

--
-- AUTO_INCREMENT for table `migrations`
--
ALTER TABLE `migrations`
  MODIFY `id` int(10) UNSIGNED NOT NULL AUTO_INCREMENT, AUTO_INCREMENT=11;

--
-- AUTO_INCREMENT for table `personal_access_tokens`
--
ALTER TABLE `personal_access_tokens`
  MODIFY `id` bigint(20) UNSIGNED NOT NULL AUTO_INCREMENT;

--
-- AUTO_INCREMENT for table `sub_kriteria`
--
ALTER TABLE `sub_kriteria`
  MODIFY `id` bigint(20) UNSIGNED NOT NULL AUTO_INCREMENT, AUTO_INCREMENT=52;

--
-- AUTO_INCREMENT for table `users`
--
ALTER TABLE `users`
  MODIFY `id` bigint(20) UNSIGNED NOT NULL AUTO_INCREMENT, AUTO_INCREMENT=5;

--
-- Constraints for dumped tables
--

--
-- Constraints for table `kpi_nilais`
--
ALTER TABLE `kpi_nilais`
  ADD CONSTRAINT `kpi_nilais_karyawan_id_foreign` FOREIGN KEY (`karyawan_id`) REFERENCES `karyawans` (`id`) ON DELETE CASCADE,
  ADD CONSTRAINT `kpi_nilais_sub_kriteria_id_foreign` FOREIGN KEY (`sub_kriteria_id`) REFERENCES `sub_kriteria` (`id`) ON DELETE CASCADE;

--
-- Constraints for table `sub_kriteria`
--
ALTER TABLE `sub_kriteria`
  ADD CONSTRAINT `sub_kriteria_kriteria_id_foreign` FOREIGN KEY (`kriteria_id`) REFERENCES `kriteria` (`id`) ON DELETE CASCADE ON UPDATE CASCADE;
COMMIT;

/*!40101 SET CHARACTER_SET_CLIENT=@OLD_CHARACTER_SET_CLIENT */;
/*!40101 SET CHARACTER_SET_RESULTS=@OLD_CHARACTER_SET_RESULTS */;
/*!40101 SET COLLATION_CONNECTION=@OLD_COLLATION_CONNECTION */;
